,best_fit_type,observed_effect_strength,observed_half_life,affected samples
PC0,Piecewise Linear Fit,-3.159181298560614,0.49999999199242523,0.9996279761904762
PC1,Piecewise Linear Fit,-3.1820902578239405,0.4983303175994589,0.9996279761904762
PC2,Piecewise Linear Fit,-3.9950717376850036,0.4551875709493474,0.9854910714285714
PC3,Michaelis-Menten Fit,2.7830405053396343,0.10917924672268003,1.0
PC4,Constant Fit,0,0,0.0
PC5,Piecewise Linear Fit,1.36190093507848,0.05136735759676931,0.20498511904761904
PC6,Piecewise Linear Fit,-7.615127101367268,0.3853909512837164,0.9211309523809523
PC7,Michaelis-Menten Fit,-6.412211492165784,0.38081452620114964,1.0
PC8,Piecewise Linear Fit,3.1539921548421557,0.19185536415849122,0.6104910714285714
PC9,Piecewise Linear Fit,-27.720028613583718,0.33630808565966397,0.8630952380952381
PC10,Michaelis-Menten Fit,-3.1591485975525004,0.4999991974959528,1.0
PC11,Piecewise Linear Fit,-4.2060388612949495,0.4473211847024748,0.9773065476190477
PC12,Michaelis-Menten Fit,1.2643290697515992,5.355976244522686e-10,0.10453869047619048
PC13,Piecewise Linear Fit,2.0883014928182604,0.1368000207886576,0.4880952380952381
PC14,Constant Fit,0,0,0.0
PC15,Piecewise Linear Fit,1.9707177016087645,0.12791595489802285,0.43563988095238093
PC16,Piecewise Linear Fit,-3.1822090674580576,0.49832556080022183,0.9996279761904762
PC17,Piecewise Linear Fit,1.7816358676892712,0.10972012050375818,0.3835565476190476
PC18,Michaelis-Menten Fit,-3.159697992603271,0.4999587362535365,1.0
PC19,Piecewise Linear Fit,1.2643402645106627,0.036223390314800784,0.10453869047619048
PC20,Piecewise Linear Fit,1.2647242288240408,0.0368372289649061,0.15104166666666666
PC21,Michaelis-Menten Fit,1.8291675810310961,0.05104151595391114,1.0
PC22,Piecewise Linear Fit,-202.62312401135458,0.3215325905400481,0.8456101190476191
PC23,Michaelis-Menten Fit,1.4869474324008038,0.02169294810642658,0.6614583333333334
PC24,Constant Fit,0,0,0.0
PC25,Piecewise Linear Fit,1.812044494223641,0.11264209315592585,0.4099702380952381
PC26,Michaelis-Menten Fit,2.6146790167181253,0.10096252690179856,1.0
PC27,Piecewise Linear Fit,1.9455023469987893,0.12541395549539186,0.4099702380952381
PC28,Piecewise Linear Fit,1.4759406187710902,0.07185223145750186,0.2760416666666667
PC29,Constant Fit,0,0,0.0
