,implied_vs_actual_pc_shift_correlation
PC0,0.9973207840993846
PC1,0.9824054999978847
PC2,0.9815919792490754
PC3,0.9287103442577803
PC4,0.6482854358891675
PC5,0.96162268277565
PC6,0.983806692913427
PC7,0.9697691732514164
PC8,0.9767614210663087
PC9,0.9905695061349363
PC10,0.9638834028256636
PC11,-0.7586830352566947
PC12,0.9983706177140006
PC13,0.6617252032317418
PC14,0.7853553721568001
PC15,0.9482699394742566
PC16,0.9749265939493107
PC17,0.9162157123284752
PC18,0.5117650158542683
PC19,0.9437335005387726
PC20,0.8480724522994845
PC21,0.9740713797398844
PC22,0.9513287923472724
PC23,0.8125296296989192
PC24,0.9626950639122438
PC25,0.9637177313066072
PC26,
PC27,
PC28,0.961069848582878
PC29,
