pc,elbow_b,elbow_frac_of_dmax,affected_fraction
PC24,137.55724993652169,0.07367324972687966,0.1328125
PC11,138.4231490517317,0.07413701010143348,0.18377976190476192
PC4,197.88328158386074,0.105982813902065,0.20498511904761904
PC5,261.3286462562613,0.13996303811910718,0.2760416666666667
PC28,275.0000012721122,0.14728517601189295,0.28720238095238093
PC18,406.02465792356867,0.21745968338475755,0.3835565476190476
PC17,438.8924970890371,0.23506312140011412,0.4099702380952381
PC14,498.4826977326493,0.26697858739930824,0.48214285714285715
PC23,600.9997403273978,0.32188491682817827,0.5260416666666666
PC13,729.342939151567,0.3906232824329208,0.6294642857142857
PC7,825.9999955731579,0.44239110607652454,0.6636904761904762
PC25,838.3227554328979,0.44899096006379124,0.6889880952380952
PC1,1048.2412606389476,0.5614196285888989,0.7872023809523809
PC9,1049.4713737060897,0.562078455566246,0.7872023809523809
PC6,1104.2871019687411,0.5914367979227464,0.8147321428571429
PC10,1289.1318263723904,0.6904363893508291,0.8705357142857143
PC2,1719.0815803594267,0.9207099344392543,0.9858630952380952
PC12,1722.0490323184529,0.9222992496467823,0.9869791666666666
PC8,1761.6443078639259,0.9435057845594271,0.9940476190476191
PC0,1867.125944602564,0.9999998986001762,0.9996279761904762
PC21,1867.1261132123643,0.9999999889046272,0.9996279761904762
PC19,1867.1261339258222,0.9999999999983918,0.9996279761904762
