stage,alpha,zone,n_spots,n_clusters,mean_silhouette,silhouette_delta_vs_baseline
stage1_total_counts,0.0,all,2688,20,0.18473832309246063,0.02026824653148651
stage1_total_counts,0.0,buffer_zone,1571,20,0.1661258190870285,0.018157199025154114
stage1_total_counts,0.0,direct_border,281,20,0.11512698233127594,0.004836246371269226
stage1_total_counts,0.0,interior,836,20,0.2431127429008484,0.02942238748073578
stage1_total_counts,0.1,all,2688,18,0.16840244829654694,0.015125468373298645
stage1_total_counts,0.1,buffer_zone,1571,18,0.14776542782783508,0.023955047130584717
stage1_total_counts,0.1,direct_border,281,18,0.0862395316362381,-0.02830372005701065
stage1_total_counts,0.1,interior,836,18,0.23480023443698883,0.013130635023117065
stage1_total_counts,0.2,all,2688,15,0.13981907069683075,0.008683741092681885
stage1_total_counts,0.2,buffer_zone,1571,15,0.1185099259018898,0.009961940348148346
stage1_total_counts,0.2,direct_border,281,15,0.11462049186229706,0.05555814504623413
stage1_total_counts,0.2,interior,836,15,0.18833282589912415,-0.009473830461502075
stage1_total_counts,0.3,all,2688,15,0.15519267320632935,0.028229892253875732
stage1_total_counts,0.3,buffer_zone,1571,15,0.13059461116790771,0.012618176639080048
stage1_total_counts,0.3,direct_border,281,15,0.11891884356737137,0.03860040009021759
stage1_total_counts,0.3,interior,836,15,0.21360956132411957,0.05408145487308502
stage1_total_counts,0.5,all,2688,12,0.10587345063686371,0.005211919546127319
stage1_total_counts,0.5,buffer_zone,1571,12,0.0997246727347374,0.009512275457382202
stage1_total_counts,0.5,direct_border,281,12,0.08784331381320953,0.016870960593223572
stage1_total_counts,0.5,interior,836,12,0.12348851561546326,-0.006788134574890137
stage2_per_gene,0.0,all,2688,20,0.16151563823223114,-0.002954438328742981
stage2_per_gene,0.0,buffer_zone,1571,20,0.16055095195770264,0.012582331895828247
stage2_per_gene,0.0,direct_border,281,20,0.12345115095376968,0.01316041499376297
stage2_per_gene,0.0,interior,836,20,0.17612288892269135,-0.037567466497421265
stage2_per_gene,0.1,all,2688,17,0.13257884979248047,-0.020698130130767822
stage2_per_gene,0.1,buffer_zone,1571,17,0.1148725152015686,-0.008937865495681763
stage2_per_gene,0.1,direct_border,281,17,0.09790276736021042,-0.01664048433303833
stage2_per_gene,0.1,interior,836,17,0.17750783264636993,-0.04416176676750183
stage2_per_gene,0.2,all,2688,17,0.12033949792385101,-0.010795831680297852
stage2_per_gene,0.2,buffer_zone,1571,17,0.10924004763364792,0.0006920620799064636
stage2_per_gene,0.2,direct_border,281,17,0.09202229976654053,0.0329599529504776
stage2_per_gene,0.2,interior,836,17,0.15071551501750946,-0.04709114134311676
stage2_per_gene,0.3,all,2688,14,0.11567835509777069,-0.011284425854682922
stage2_per_gene,0.3,buffer_zone,1571,14,0.10242629051208496,-0.015550144016742706
stage2_per_gene,0.3,direct_border,281,14,0.09346602112054825,0.01314757764339447
stage2_per_gene,0.3,interior,836,14,0.1480475813150406,-0.011480525135993958
stage2_per_gene,0.5,all,2688,14,0.08107148110866547,-0.019590049982070923
stage2_per_gene,0.5,buffer_zone,1571,14,0.0864524245262146,-0.0037599727511405945
stage2_per_gene,0.5,direct_border,281,14,0.05268166959285736,-0.0182906836271286
stage2_per_gene,0.5,interior,836,14,0.08050220459699631,-0.049774445593357086
stage3_pca,0.0,all,2688,20,0.1592880761546937,-0.005182000406280418
stage3_pca,0.0,buffer_zone,1571,20,0.165915193427193,0.017946573365318602
stage3_pca,0.0,direct_border,281,20,0.11913296883894134,0.008842232878934625
stage3_pca,0.0,interior,836,20,0.16033159759085402,-0.053358757829258585
stage3_pca,0.1,all,2688,17,0.16212766689186173,0.008850686968613436
stage3_pca,0.1,buffer_zone,1571,17,0.1477838773594683,0.02397349666221793
stage3_pca,0.1,direct_border,281,17,0.1315206164776368,0.01697736478438805
stage3_pca,0.1,interior,836,17,0.19937010053036333,-0.022299498883508434
stage3_pca,0.2,all,2688,15,0.12169089279013724,-0.009444436814011622
stage3_pca,0.2,buffer_zone,1571,15,0.10777144949444682,-0.000776536059294633
stage3_pca,0.2,direct_border,281,15,0.10050221889780754,0.041439872081744614
stage3_pca,0.2,interior,836,15,0.15497015449022605,-0.04283650187040017
stage3_pca,0.3,all,2688,14,0.12366770453840345,-0.003295076414050163
stage3_pca,0.3,buffer_zone,1571,14,0.12220804306359032,0.004231608534762649
stage3_pca,0.3,direct_border,281,14,0.10966705619094314,0.029348612713789357
stage3_pca,0.3,interior,836,14,0.13111664037879553,-0.028411466072239017
stage3_pca,0.5,all,2688,13,0.07143300839661818,-0.029228522694118214
stage3_pca,0.5,buffer_zone,1571,13,0.07767059369761363,-0.012541803579741564
stage3_pca,0.5,direct_border,281,13,0.05213423468556912,-0.018838118534416845
stage3_pca,0.5,interior,836,13,0.06619821043602117,-0.06407843975433222
