stage,alpha,zone,n_spots,n_clusters,mean_silhouette
baseline,0.0,all,2688,19,0.16447007656097412
baseline,0.0,buffer_zone,1571,19,0.1479686200618744
baseline,0.0,direct_border,281,19,0.11029073596000671
baseline,0.0,interior,836,19,0.2136903554201126
baseline,0.1,all,2688,17,0.1532769799232483
baseline,0.1,buffer_zone,1571,17,0.12381038069725037
baseline,0.1,direct_border,281,17,0.11454325169324875
baseline,0.1,interior,836,17,0.22166959941387177
baseline,0.2,all,2688,15,0.13113532960414886
baseline,0.2,buffer_zone,1571,15,0.10854798555374146
baseline,0.2,direct_border,281,15,0.05906234681606293
baseline,0.2,interior,836,15,0.19780665636062622
baseline,0.3,all,2688,15,0.1269627809524536
baseline,0.3,buffer_zone,1571,15,0.11797643452882767
baseline,0.3,direct_border,281,15,0.08031844347715378
baseline,0.3,interior,836,15,0.15952810645103455
baseline,0.5,all,2688,13,0.10066153109073639
baseline,0.5,buffer_zone,1571,13,0.0902123972773552
baseline,0.5,direct_border,281,13,0.07097235321998596
baseline,0.5,interior,836,13,0.1302766501903534
stage1_total_counts,0.0,all,2688,20,0.18473832309246063
stage1_total_counts,0.0,buffer_zone,1571,20,0.1661258190870285
stage1_total_counts,0.0,direct_border,281,20,0.11512698233127594
stage1_total_counts,0.0,interior,836,20,0.2431127429008484
stage1_total_counts,0.1,all,2688,18,0.16840244829654694
stage1_total_counts,0.1,buffer_zone,1571,18,0.14776542782783508
stage1_total_counts,0.1,direct_border,281,18,0.0862395316362381
stage1_total_counts,0.1,interior,836,18,0.23480023443698883
stage1_total_counts,0.2,all,2688,15,0.13981907069683075
stage1_total_counts,0.2,buffer_zone,1571,15,0.1185099259018898
stage1_total_counts,0.2,direct_border,281,15,0.11462049186229706
stage1_total_counts,0.2,interior,836,15,0.18833282589912415
stage1_total_counts,0.3,all,2688,15,0.15519267320632935
stage1_total_counts,0.3,buffer_zone,1571,15,0.13059461116790771
stage1_total_counts,0.3,direct_border,281,15,0.11891884356737137
stage1_total_counts,0.3,interior,836,15,0.21360956132411957
stage1_total_counts,0.5,all,2688,12,0.10587345063686371
stage1_total_counts,0.5,buffer_zone,1571,12,0.0997246727347374
stage1_total_counts,0.5,direct_border,281,12,0.08784331381320953
stage1_total_counts,0.5,interior,836,12,0.12348851561546326
stage2_per_gene,0.0,all,2688,20,0.16151563823223114
stage2_per_gene,0.0,buffer_zone,1571,20,0.16055095195770264
stage2_per_gene,0.0,direct_border,281,20,0.12345115095376968
stage2_per_gene,0.0,interior,836,20,0.17612288892269135
stage2_per_gene,0.1,all,2688,17,0.13257884979248047
stage2_per_gene,0.1,buffer_zone,1571,17,0.1148725152015686
stage2_per_gene,0.1,direct_border,281,17,0.09790276736021042
stage2_per_gene,0.1,interior,836,17,0.17750783264636993
stage2_per_gene,0.2,all,2688,17,0.12033949792385101
stage2_per_gene,0.2,buffer_zone,1571,17,0.10924004763364792
stage2_per_gene,0.2,direct_border,281,17,0.09202229976654053
stage2_per_gene,0.2,interior,836,17,0.15071551501750946
stage2_per_gene,0.3,all,2688,14,0.11567835509777069
stage2_per_gene,0.3,buffer_zone,1571,14,0.10242629051208496
stage2_per_gene,0.3,direct_border,281,14,0.09346602112054825
stage2_per_gene,0.3,interior,836,14,0.1480475813150406
stage2_per_gene,0.5,all,2688,14,0.08107148110866547
stage2_per_gene,0.5,buffer_zone,1571,14,0.0864524245262146
stage2_per_gene,0.5,direct_border,281,14,0.05268166959285736
stage2_per_gene,0.5,interior,836,14,0.08050220459699631
stage3_pca,0.0,all,2688,20,0.1592880761546937
stage3_pca,0.0,buffer_zone,1571,20,0.165915193427193
stage3_pca,0.0,direct_border,281,20,0.11913296883894134
stage3_pca,0.0,interior,836,20,0.16033159759085402
stage3_pca,0.1,all,2688,17,0.16212766689186173
stage3_pca,0.1,buffer_zone,1571,17,0.1477838773594683
stage3_pca,0.1,direct_border,281,17,0.1315206164776368
stage3_pca,0.1,interior,836,17,0.19937010053036333
stage3_pca,0.2,all,2688,15,0.12169089279013724
stage3_pca,0.2,buffer_zone,1571,15,0.10777144949444682
stage3_pca,0.2,direct_border,281,15,0.10050221889780754
stage3_pca,0.2,interior,836,15,0.15497015449022605
stage3_pca,0.3,all,2688,14,0.12366770453840345
stage3_pca,0.3,buffer_zone,1571,14,0.12220804306359032
stage3_pca,0.3,direct_border,281,14,0.10966705619094314
stage3_pca,0.3,interior,836,14,0.13111664037879553
stage3_pca,0.5,all,2688,13,0.07143300839661818
stage3_pca,0.5,buffer_zone,1571,13,0.07767059369761363
stage3_pca,0.5,direct_border,281,13,0.05213423468556912
stage3_pca,0.5,interior,836,13,0.06619821043602117
