gene,is_mt,best_fit_type,observed_effect_strength,observed_half_life,affected samples
Bmp15,False,Michaelis-Menten Fit,0.7658692854334976,5.781881957120151e-10,0.10453869047619048
Cd163,False,Michaelis-Menten Fit,0.3793503466321649,5.814971790292194e-10,0.10453869047619048
Vcam1,False,Michaelis-Menten Fit,0.1551717334816737,3.420892548539985e-09,0.10453869047619048
Atp2b2,False,Michaelis-Menten Fit,-0.03787324176587251,0.0004896175571872448,0.10453869047619048
Uaca,False,Michaelis-Menten Fit,0.313531313887535,0.0005164465337838913,0.10453869047619048
Ptgfr,False,Michaelis-Menten Fit,0.7005109975552244,0.0008646159310967908,0.10453869047619048
Cpne4,False,Exponential Saturation Fit,-0.10600435997164113,0.0010642149428823054,0.10453869047619048
Lpl,False,Exponential Saturation Fit,-0.22474749501821736,0.0010818894089298107,0.10453869047619048
Perp,False,Exponential Saturation Fit,0.34160696816951214,0.0012248742085800449,0.10453869047619048
Ifi207,False,Exponential Saturation Fit,0.4855831585106939,0.0012586612289697088,0.10453869047619048
