,original vs. on crop,original vs. BOSPERRUS corrected on crop,original vs. SERN corrected on crop,on crop vs. SERN values,cap_radius,corr_method,graph_type,coord_type,n,k,radius
degree,0.9671847384191162,0.9787912898689509,0.6385654193220791,-0.18000101287676065,2,pearson,delaunay,uniform,5000,,
pagerank,0.9712997045202261,0.9799685011780999,0.7842699989822254,-0.2316627280107131,2,pearson,delaunay,uniform,5000,,
betweenness,0.6155072329714795,0.7816741720632965,0.6133707202287785,-0.08325634692521945,2,pearson,delaunay,uniform,5000,,
closeness,0.2935312224846408,0.6796249270935407,0.0626835467975377,-0.0974715706646009,2,pearson,delaunay,uniform,5000,,
clustering,0.9839522715593231,0.9839522715593231,0.6705298980528116,0.23509304156554622,2,pearson,delaunay,uniform,5000,,
degree,0.9809702848306979,0.9694330618376259,0.6299290710031126,-0.1746393613937887,2,spearman,delaunay,uniform,5000,,
pagerank,0.9808286099580268,0.9805049139750797,0.7006289980786652,-0.09818597108544902,2,spearman,delaunay,uniform,5000,,
betweenness,0.9186052788412755,0.9124691215615071,0.8688020842662187,0.09111608661551225,2,spearman,delaunay,uniform,5000,,
closeness,0.342756418694327,0.6849233650016023,0.3084106388870614,-0.8533396584263804,2,spearman,delaunay,uniform,5000,,
clustering,0.9809509788751353,0.9809509788751353,0.6232145567612714,0.26159346055809196,2,spearman,delaunay,uniform,5000,,
degree,0.9779279088152498,0.984196780253207,0.21246354580977778,0.5429902206043156,2,pearson,knn,uniform,5000,5.0,
pagerank,0.9753632069277455,0.9808826586866113,0.018237056482922925,0.6603213667592585,2,pearson,knn,uniform,5000,5.0,
betweenness,0.8851576985204943,0.8882762186880648,0.8004467764782394,0.09818087057441195,2,pearson,knn,uniform,5000,5.0,
closeness,0.18176776575514547,0.886440501078992,-0.02728234051026262,0.10235319153553646,2,pearson,knn,uniform,5000,5.0,
clustering,0.9646314566055019,0.9757887356073589,0.31888857182800834,0.5075582978422464,2,pearson,knn,uniform,5000,5.0,
degree,0.976490489885903,0.9824766565564919,0.20357902390429344,0.5405917680191069,2,spearman,knn,uniform,5000,5.0,
pagerank,0.9729753350254892,0.9786637207098996,0.0362022361603279,0.6189816487967019,2,spearman,knn,uniform,5000,5.0,
betweenness,0.9158946479801633,0.911500898202339,0.7067988707631809,0.14254882777492064,2,spearman,knn,uniform,5000,5.0,
closeness,0.1700446141183721,0.8655788863537984,0.6375471607184234,0.9215441510693526,2,spearman,knn,uniform,5000,5.0,
clustering,0.9654595876173547,0.9738264523154639,0.2922108412082504,0.5951977285857979,2,spearman,knn,uniform,5000,5.0,
degree,0.9561807936755773,0.9682507427715307,0.10883388629286737,0.6378646075318742,2,pearson,knn,uniform,5000,10.0,
pagerank,0.9520171428330787,0.9629584239193493,-0.1977919549456694,0.7260530659193071,2,pearson,knn,uniform,5000,10.0,
betweenness,0.743620585241159,0.7482838811584728,0.6692645239029208,0.22275870668488423,2,pearson,knn,uniform,5000,10.0,
closeness,-0.008930197676488678,0.6959585585602479,0.49862012908500064,0.9667186075717534,2,pearson,knn,uniform,5000,10.0,
clustering,0.9285621531704019,0.9668011767064538,0.2549134627784377,0.7700474334489176,2,pearson,knn,uniform,5000,10.0,
degree,0.9609820258144292,0.968521415453192,0.10568160669377771,0.6239000167859788,2,spearman,knn,uniform,5000,10.0,
pagerank,0.9575071964209505,0.9647956228392462,-0.20534283584329707,0.7089142760231886,2,spearman,knn,uniform,5000,10.0,
betweenness,0.8613488189983178,0.8946118951925647,0.7015333211337843,0.3452526949673578,2,spearman,knn,uniform,5000,10.0,
closeness,-0.017745278878473186,0.6967816524328558,0.5155871732993155,0.9746985132466157,2,spearman,knn,uniform,5000,10.0,
clustering,0.9421518884384925,0.9665167460670944,0.26415539289527856,0.7901968684788742,2,spearman,knn,uniform,5000,10.0,
degree,0.9307637344738255,0.9576116306324423,0.023743038108892462,0.660840386987459,2,pearson,knn,uniform,5000,15.0,
pagerank,0.9231968818802657,0.9437414915708516,-0.2807226353041282,0.7448121070076479,2,pearson,knn,uniform,5000,15.0,
betweenness,0.7351247177901825,0.737181827162624,0.6541565286745951,0.2306208915919548,2,pearson,knn,uniform,5000,15.0,
closeness,0.2875976328121322,0.7784447750513998,0.4937265798807296,0.9719912898482538,2,pearson,knn,uniform,5000,15.0,
clustering,0.8870983587190345,0.9597366486776227,0.19626662551094434,0.8399061255508371,2,pearson,knn,uniform,5000,15.0,
degree,0.9327245099580459,0.9539100607229672,0.025595520546367555,0.6465245032349235,2,spearman,knn,uniform,5000,15.0,
pagerank,0.9272429492717734,0.9415200355188886,-0.28848835729644934,0.726614722895912,2,spearman,knn,uniform,5000,15.0,
betweenness,0.8514253770441098,0.8833191641741555,0.6948693452276612,0.3566909609741197,2,spearman,knn,uniform,5000,15.0,
closeness,0.2673161419336625,0.7766634983073931,0.5517195758879523,0.9735143855635978,2,spearman,knn,uniform,5000,15.0,
clustering,0.9216578945634397,0.9608656464958613,0.20058185613383187,0.8391963775342127,2,spearman,knn,uniform,5000,15.0,
degree,0.9924016280436565,0.9908131069784657,0.36914827583483517,0.925512932689576,2,pearson,rnn,uniform,5000,,0.05
pagerank,0.9903733570499398,0.9918844306851915,0.4559342558287239,0.8379844100166083,2,pearson,rnn,uniform,5000,,0.05
betweenness,0.9953756514384262,0.9829406774974646,-0.12535672961012484,0.5946524288884052,2,pearson,rnn,uniform,5000,,0.05
closeness,,,,,2,pearson,rnn,uniform,5000,,0.05
clustering,0.988206528345354,0.988206528345354,0.46431017268378705,0.7569025945027814,2,pearson,rnn,uniform,5000,,0.05
degree,0.9906107186580156,0.9807293734425705,0.373161661310555,0.9147471860764121,2,spearman,rnn,uniform,5000,,0.05
pagerank,0.991121738232852,0.9916345721167756,0.4253006599550451,0.820726221258412,2,spearman,rnn,uniform,5000,,0.05
betweenness,0.9890498273733227,0.6255503105272437,-0.0026231276153512433,0.7408670269254416,2,spearman,rnn,uniform,5000,,0.05
closeness,,,,,2,spearman,rnn,uniform,5000,,0.05
clustering,0.9881795526541215,0.9881795526541215,0.44913427049930243,0.7594559013576956,2,spearman,rnn,uniform,5000,,0.05
degree,0.9675553653064677,0.9915988488710287,0.22072601743683962,0.967193863105172,2,pearson,rnn,uniform,5000,,0.1
pagerank,0.961301017988733,0.9815746577965754,0.32225677135877817,0.9402684535465798,2,pearson,rnn,uniform,5000,,0.1
betweenness,0.8778136684120241,0.8923794566701277,0.6975691781576181,0.6477028194480235,2,pearson,rnn,uniform,5000,,0.1
closeness,-0.08133112468098733,0.8379598548006163,0.5349407435118898,0.9961712823037426,2,pearson,rnn,uniform,5000,,0.1
clustering,0.9406665468422998,0.9638582270865693,0.3448121392479285,0.9092313239180871,2,pearson,rnn,uniform,5000,,0.1
degree,0.9705880822392439,0.9915723808843547,0.1974926288194626,0.9655134673738085,2,spearman,rnn,uniform,5000,,0.1
pagerank,0.9673062519561284,0.9815131247864513,0.3086045487272788,0.9343406379404908,2,spearman,rnn,uniform,5000,,0.1
betweenness,0.8766437415779799,0.9164145422296304,0.5890123732458075,0.7013098350678404,2,spearman,rnn,uniform,5000,,0.1
closeness,-0.09507826945379902,0.8189923305365312,0.5241825656463975,0.9965253678395087,2,spearman,rnn,uniform,5000,,0.1
clustering,0.9644331112837965,0.9760883432940709,0.3334216261109692,0.9044877637021358,2,spearman,rnn,uniform,5000,,0.1
degree,0.9268957956328897,0.9909810131442582,0.1403903297875647,0.9877077433117154,2,pearson,rnn,uniform,5000,,0.15
pagerank,0.9128749267598156,0.9694717699213377,0.2051838598819333,0.9764859335970479,2,pearson,rnn,uniform,5000,,0.15
betweenness,0.8403520247837013,0.8689110326538739,0.5546987457699345,0.7640348220067921,2,pearson,rnn,uniform,5000,,0.15
closeness,0.08246665615177885,0.8389547852673389,0.29975660970311385,0.9986839036338646,2,pearson,rnn,uniform,5000,,0.15
clustering,0.8677216306766418,0.9631527276855946,0.20909052639900924,0.9709174691116191,2,pearson,rnn,uniform,5000,,0.15
degree,0.9355746345556698,0.9893671625861346,0.1294474454850213,0.9858648739978536,2,spearman,rnn,uniform,5000,,0.15
pagerank,0.9309562040761327,0.9670027110987396,0.1922888869910101,0.973282950718309,2,spearman,rnn,uniform,5000,,0.15
betweenness,0.8254053546771384,0.8843483393170825,0.4818448669355779,0.787141404217867,2,spearman,rnn,uniform,5000,,0.15
closeness,0.07743446129013991,0.8336547014995034,0.2800073269502982,0.9987984732715623,2,spearman,rnn,uniform,5000,,0.15
clustering,0.9248182367100347,0.9681781393027555,0.20443307886934445,0.9680726787404023,2,spearman,rnn,uniform,5000,,0.15
degree,0.9745010604321646,0.982337403129896,0.5136978267164634,-0.10923988769916539,2,pearson,delaunay,kappa=1,5000,,
pagerank,0.9770631166746315,0.9830827024124825,0.7834761218281086,-0.23299273136496565,2,pearson,delaunay,kappa=1,5000,,
betweenness,0.7126120248278683,0.8202015988231826,0.7117934983662844,-0.10115778034207783,2,pearson,delaunay,kappa=1,5000,,
closeness,0.5361152736914443,0.7880905306980004,-0.2469595796775202,0.39439591795295764,2,pearson,delaunay,kappa=1,5000,,
clustering,0.9875035377431096,0.9875035377431096,0.619057710790871,0.18906503804141347,2,pearson,delaunay,kappa=1,5000,,
degree,0.9876276565076467,0.983415538557165,0.4939787820814594,-0.0987782099576624,2,spearman,delaunay,kappa=1,5000,,
pagerank,0.9870561641172273,0.9863420567579628,0.7068004323284633,-0.10432144192573216,2,spearman,delaunay,kappa=1,5000,,
betweenness,0.9401110833531554,0.9378301308556477,0.9136125666812784,0.04243576183020664,2,spearman,delaunay,kappa=1,5000,,
closeness,0.5617330675224012,0.804707473526173,-0.019926558499805833,-0.5156578815813835,2,spearman,delaunay,kappa=1,5000,,
clustering,0.9876461766473901,0.9876461766473901,0.5910636763067264,0.20853793609994684,2,spearman,delaunay,kappa=1,5000,,
degree,0.9832841520746943,0.9872720567528368,0.2028370691913092,0.3594574170253005,2,pearson,knn,kappa=1,5000,5.0,
pagerank,0.981702610635516,0.9852723270697523,0.07532911087404957,0.5461042456621157,2,pearson,knn,kappa=1,5000,5.0,
betweenness,0.8981770788557767,0.8981770788557767,0.8876766721623555,0.06720317852485286,2,pearson,knn,kappa=1,5000,5.0,
closeness,0.998517389593356,0.9986442826152431,0.24319240042382176,-0.02996716039457117,2,pearson,knn,kappa=1,5000,5.0,
clustering,0.9756415821621185,0.9814512108829149,0.3217332789532382,0.4073768052606305,2,pearson,knn,kappa=1,5000,5.0,
degree,0.9837094562204941,0.972544671589211,0.1897172396551459,0.35288566022573065,2,spearman,knn,kappa=1,5000,5.0,
pagerank,0.9819724805777538,0.984988276322375,0.12441460136048299,0.524724164346109,2,spearman,knn,kappa=1,5000,5.0,
betweenness,0.9364865032020832,0.9364865032020832,0.8879597301703958,0.12413798424317726,2,spearman,knn,kappa=1,5000,5.0,
closeness,0.33945002490413106,0.46646795885287556,-0.3322667231711618,0.4125603328882026,2,spearman,knn,kappa=1,5000,5.0,
clustering,0.9823777490660707,0.984341984691073,0.357136888955576,0.5224517008643768,2,spearman,knn,kappa=1,5000,5.0,
degree,0.9648469664752641,0.9806273140771918,0.10498260239311766,0.34954364131534105,2,pearson,knn,kappa=1,5000,10.0,
pagerank,0.9610778418887581,0.9756546350700224,-0.06369019242125949,0.6026957142464872,2,pearson,knn,kappa=1,5000,10.0,
betweenness,0.8157955819677757,0.8393309569980751,0.7976492308818761,0.03956712990709196,2,pearson,knn,kappa=1,5000,10.0,
closeness,0.4808241659294351,0.7836990132680902,-0.12466483632014572,0.1414987366332975,2,pearson,knn,kappa=1,5000,10.0,
clustering,0.9461985470206677,0.979067750874371,0.22671387084354117,0.4824543430265755,2,pearson,knn,kappa=1,5000,10.0,
degree,0.9705419111736104,0.9810859174334591,0.08115736243285382,0.33925061299565357,2,spearman,knn,kappa=1,5000,10.0,
pagerank,0.9665432982322323,0.9760094831624156,-0.06169420004787411,0.5990838555238489,2,spearman,knn,kappa=1,5000,10.0,
betweenness,0.917494659360189,0.9043809796591161,0.8754078133058095,0.20189898303878,2,spearman,knn,kappa=1,5000,10.0,
closeness,0.43533123169030863,0.7510810594471807,-0.25138880426220556,0.838963411392809,2,spearman,knn,kappa=1,5000,10.0,
clustering,0.960685370295989,0.9793671575179207,0.3694565830579175,0.6462912263226337,2,spearman,knn,kappa=1,5000,10.0,
degree,0.947978955047503,0.9714610208895291,0.06825760662863907,0.3463494377675367,2,pearson,knn,kappa=1,5000,15.0,
pagerank,0.9432153970337565,0.9635034352451,-0.14666677454115704,0.635298356200882,2,pearson,knn,kappa=1,5000,15.0,
betweenness,0.7808307728711239,0.8095218900585462,0.7607880316135607,0.05098064736919053,2,pearson,knn,kappa=1,5000,15.0,
closeness,0.4738745451710601,0.7123602178277009,-0.10378816100110244,0.3996867995837747,2,pearson,knn,kappa=1,5000,15.0,
clustering,0.9235013644599677,0.9778486091748984,0.22858239316142753,0.5958296340266757,2,pearson,knn,kappa=1,5000,15.0,
degree,0.9539244329274611,0.9687184682859366,0.05737338510957367,0.3259585581214453,2,spearman,knn,kappa=1,5000,15.0,
pagerank,0.9490693233016595,0.9622310130281723,-0.14715843371023782,0.6320842906956413,2,spearman,knn,kappa=1,5000,15.0,
betweenness,0.9047420916271136,0.8920395460652256,0.8776103920720831,0.23830790840556898,2,spearman,knn,kappa=1,5000,15.0,
closeness,0.4534033904401746,0.6944075482545818,-0.1868951639268019,0.9022790911409054,2,spearman,knn,kappa=1,5000,15.0,
clustering,0.9475589693879192,0.9776024687616012,0.3916139882725987,0.7006367972648572,2,spearman,knn,kappa=1,5000,15.0,
degree,0.9972477180292462,0.9743729740559749,0.3085396764660156,0.9278205802183912,2,pearson,rnn,kappa=1,5000,,0.05
pagerank,0.9910478988471884,0.9917912581281569,0.4602614229322399,0.7957956742578158,2,pearson,rnn,kappa=1,5000,,0.05
betweenness,0.9911855839568476,0.9834858580083617,0.9159058025599683,0.4337944353040023,2,pearson,rnn,kappa=1,5000,,0.05
closeness,,,,,2,pearson,rnn,kappa=1,5000,,0.05
clustering,0.9893648938031153,0.9850888831032868,0.5068889550654243,0.6882690619100909,2,pearson,rnn,kappa=1,5000,,0.05
degree,0.9969546521669382,0.9699844289391232,0.2675862637435329,0.9262638641743862,2,spearman,rnn,kappa=1,5000,,0.05
pagerank,0.9927378600525549,0.9910263250357658,0.4952878764360143,0.7520249522893635,2,spearman,rnn,kappa=1,5000,,0.05
betweenness,0.9945568225853679,0.638740809924666,0.436138416715158,0.741086332351985,2,spearman,rnn,kappa=1,5000,,0.05
closeness,,,,,2,spearman,rnn,kappa=1,5000,,0.05
clustering,0.9897998113561406,0.9804411248282242,0.5412786819111599,0.678718361585774,2,spearman,rnn,kappa=1,5000,,0.05
degree,0.9892305149417906,0.9968810354856359,0.14270659370201536,0.9918560685480903,2,pearson,rnn,kappa=1,5000,,0.1
pagerank,0.9585948622568442,0.9816630472987865,0.32327999436707805,0.9357136235164291,2,pearson,rnn,kappa=1,5000,,0.1
betweenness,0.805303822021412,0.832365137689565,0.5437982390501638,0.6220949962573294,2,pearson,rnn,kappa=1,5000,,0.1
closeness,,,,,2,pearson,rnn,kappa=1,5000,,0.1
clustering,0.9587121460370794,0.9768528424440515,0.4247883628580478,0.8449335508709833,2,pearson,rnn,kappa=1,5000,,0.1
degree,0.9874233542394778,0.9967633946351694,0.13384873780150527,0.992387092097506,2,spearman,rnn,kappa=1,5000,,0.1
pagerank,0.9634494238131854,0.9791642851819424,0.2949315299069029,0.9323537446667117,2,spearman,rnn,kappa=1,5000,,0.1
betweenness,0.8377002478031361,0.8829385355873237,0.5172192966230867,0.6684341313997433,2,spearman,rnn,kappa=1,5000,,0.1
closeness,,,,,2,spearman,rnn,kappa=1,5000,,0.1
clustering,0.9613498117274198,0.9784572544565052,0.31992711099944965,0.8852110425163021,2,spearman,rnn,kappa=1,5000,,0.1
degree,0.9966338608010472,0.8199470038114662,0.06690363906785347,0.9976742201766424,2,pearson,rnn,kappa=1,5000,,0.15
pagerank,0.9183419757393095,0.976405261120053,0.19268072002436232,0.9809110063957132,2,pearson,rnn,kappa=1,5000,,0.15
betweenness,0.8862701399612583,0.9276579334747511,0.5286502513860878,0.8203843072903257,2,pearson,rnn,kappa=1,5000,,0.15
closeness,0.9655111274520298,0.7620801733371975,-0.22320370321714122,0.9996807218828461,2,pearson,rnn,kappa=1,5000,,0.15
clustering,0.8935582484667748,0.9524103178787364,0.2699160026654818,0.9724227218692463,2,pearson,rnn,kappa=1,5000,,0.15
degree,0.9982834483411306,0.8080845585600596,0.06634456007064046,0.9975901142583529,2,spearman,rnn,kappa=1,5000,,0.15
pagerank,0.9640940036399721,0.9785310191304617,0.18733598994820133,0.9752537368136472,2,spearman,rnn,kappa=1,5000,,0.15
betweenness,0.8805123920572581,0.9281231995978598,0.46903956397847396,0.8321954657518099,2,spearman,rnn,kappa=1,5000,,0.15
closeness,0.9639386753237862,0.7545104834224179,-0.22640891669958035,0.9996562235434204,2,spearman,rnn,kappa=1,5000,,0.15
clustering,0.953341638512583,0.9778622945511828,0.21844582304866492,0.9722556479987571,2,spearman,rnn,kappa=1,5000,,0.15
degree,0.9650870790547343,0.9776810640210931,0.4521646828189928,-0.09961981281888424,2,pearson,delaunay,"kappa=1,3,5",5000,,
pagerank,0.9685535882655786,0.9782929897537517,0.7140727443661155,-0.22554124098764167,2,pearson,delaunay,"kappa=1,3,5",5000,,
betweenness,0.6462426191684119,0.7525909840883575,0.6511766667436507,-0.153687910457712,2,pearson,delaunay,"kappa=1,3,5",5000,,
closeness,0.7278415775339885,0.5821977657823125,-0.43234295985575494,0.413305335337927,2,pearson,delaunay,"kappa=1,3,5",5000,,
clustering,0.9782635754473867,0.9782635754473867,0.5905835577827323,0.16420797036399407,2,pearson,delaunay,"kappa=1,3,5",5000,,
degree,0.97634662295849,0.9696678756322459,0.42306225221739463,-0.08823027854491085,2,spearman,delaunay,"kappa=1,3,5",5000,,
pagerank,0.9752803264501645,0.9783468865644294,0.665614347014829,-0.13075106108811196,2,spearman,delaunay,"kappa=1,3,5",5000,,
betweenness,0.9047966269682083,0.9051588103974834,0.8879880811646984,-0.08442871346334666,2,spearman,delaunay,"kappa=1,3,5",5000,,
closeness,0.8050207065806455,0.5261788837085791,0.2788940116754109,-0.13987805434225165,2,spearman,delaunay,"kappa=1,3,5",5000,,
clustering,0.9762707523048235,0.9762707523048235,0.5413615458918118,0.19577541725430128,2,spearman,delaunay,"kappa=1,3,5",5000,,
degree,0.9835719592548653,0.9865749952171207,0.18231658143995902,0.32521255710182545,2,pearson,knn,"kappa=1,3,5",5000,5.0,
pagerank,0.9821581549503764,0.9844410267599125,0.08186876852895429,0.45840292961230983,2,pearson,knn,"kappa=1,3,5",5000,5.0,
betweenness,0.8432546491370726,0.8613574675062293,0.8397623607606736,-0.09566251440863958,2,pearson,knn,"kappa=1,3,5",5000,5.0,
closeness,0.802757084309907,0.8761768415382712,-0.4995697342378922,0.21597287236408677,2,pearson,knn,"kappa=1,3,5",5000,5.0,
clustering,0.9796060464289199,0.9840095357311536,0.3448366726855076,0.35602865030802366,2,pearson,knn,"kappa=1,3,5",5000,5.0,
degree,0.9821377648965751,0.9850201893523007,0.16211976928825056,0.3328400549985734,2,spearman,knn,"kappa=1,3,5",5000,5.0,
pagerank,0.9804458360129846,0.9827976806366627,0.120121475320906,0.4929013754417907,2,spearman,knn,"kappa=1,3,5",5000,5.0,
betweenness,0.9278814564090218,0.9110380537640786,0.9097108671039892,-0.012804547686562466,2,spearman,knn,"kappa=1,3,5",5000,5.0,
closeness,0.8217580460232267,0.8843449899361007,-0.10582990871767457,0.4765581202774754,2,spearman,knn,"kappa=1,3,5",5000,5.0,
clustering,0.9805857692904096,0.9841229723580067,0.35257577046407146,0.44818566454074205,2,spearman,knn,"kappa=1,3,5",5000,5.0,
degree,0.9759317919255137,0.983751056579979,0.1217313027562126,0.3184509826175377,2,pearson,knn,"kappa=1,3,5",5000,10.0,
pagerank,0.974041170049638,0.9809029547550178,-0.012143158379597783,0.566085857109261,2,pearson,knn,"kappa=1,3,5",5000,10.0,
betweenness,0.8095407925635216,0.8353156411211093,0.8002868118902717,-0.03530756283848433,2,pearson,knn,"kappa=1,3,5",5000,10.0,
closeness,0.7969245072264385,0.9472221621925913,-0.27498701948269244,0.1340442076025413,2,pearson,knn,"kappa=1,3,5",5000,10.0,
clustering,0.9619914864506607,0.9844517087941359,0.22753061648910677,0.4553211154429218,2,pearson,knn,"kappa=1,3,5",5000,10.0,
degree,0.977317980438902,0.9821825853750918,0.10731087581589294,0.31111382636448326,2,spearman,knn,"kappa=1,3,5",5000,10.0,
pagerank,0.9762879831538085,0.9802712025888102,-0.014618748030204558,0.5756275581517019,2,spearman,knn,"kappa=1,3,5",5000,10.0,
betweenness,0.9316007823631611,0.914510070983691,0.902723404708531,0.09096042078025342,2,spearman,knn,"kappa=1,3,5",5000,10.0,
closeness,0.8220398330843149,0.9451692439494865,0.14867178015005683,0.5632640889074633,2,spearman,knn,"kappa=1,3,5",5000,10.0,
clustering,0.9737165717968173,0.9851960061777257,0.3417924635341314,0.6059222149329705,2,spearman,knn,"kappa=1,3,5",5000,10.0,
degree,0.9474184499708631,0.9634466057638631,0.06328987162185179,0.29454029577935986,2,pearson,knn,"kappa=1,3,5",5000,15.0,
pagerank,0.9429240215968705,0.9570061706236421,-0.0589329989473057,0.5347946097896848,2,pearson,knn,"kappa=1,3,5",5000,15.0,
betweenness,0.7526814878445766,0.7793978189388361,0.7517130384471322,-0.09511006463038627,2,pearson,knn,"kappa=1,3,5",5000,15.0,
closeness,0.7653300605628345,0.7965768104948701,-0.2783332059675035,0.1506756303095389,2,pearson,knn,"kappa=1,3,5",5000,15.0,
clustering,0.8944623657070475,0.9585431784450626,0.18203668992096367,0.3989232676534521,2,pearson,knn,"kappa=1,3,5",5000,15.0,
degree,0.9511383471661807,0.9606329203774459,0.04770273749961708,0.2947331870133664,2,spearman,knn,"kappa=1,3,5",5000,15.0,
pagerank,0.946458775405933,0.9547002312526399,-0.06337794126765879,0.5739642589758905,2,spearman,knn,"kappa=1,3,5",5000,15.0,
betweenness,0.8784947929446019,0.8698774427779495,0.8802807364406551,0.07393166049681381,2,spearman,knn,"kappa=1,3,5",5000,15.0,
closeness,0.7770139597913531,0.8230904967692595,0.09269290729149299,0.322688734880312,2,spearman,knn,"kappa=1,3,5",5000,15.0,
clustering,0.9275391384182433,0.956730182602819,0.351979876014369,0.6007282388788938,2,spearman,knn,"kappa=1,3,5",5000,15.0,
degree,0.9970815300449464,0.996652086472748,0.31385610548818405,0.9532763920557983,2,pearson,rnn,"kappa=1,3,5",5000,,0.05
pagerank,0.9945919728134497,0.9925774090957952,0.5061210047204859,0.8254712281604254,2,pearson,rnn,"kappa=1,3,5",5000,,0.05
betweenness,0.9815886326058293,0.9614294574303393,0.5077924048849738,0.5705454885823154,2,pearson,rnn,"kappa=1,3,5",5000,,0.05
closeness,,,,,2,pearson,rnn,"kappa=1,3,5",5000,,0.05
clustering,0.9921633805606834,0.9869178589964281,0.5290800776667908,0.7615302762650421,2,pearson,rnn,"kappa=1,3,5",5000,,0.05
degree,0.9958179883717252,0.9923862097828859,0.29159359583466615,0.9516794846686771,2,spearman,rnn,"kappa=1,3,5",5000,,0.05
pagerank,0.9942940834718134,0.9904568227923225,0.47855684729208725,0.7971733818945536,2,spearman,rnn,"kappa=1,3,5",5000,,0.05
betweenness,0.989288880320242,0.7122317435061433,0.24132177208822025,0.7714498539520734,2,spearman,rnn,"kappa=1,3,5",5000,,0.05
closeness,,,,,2,spearman,rnn,"kappa=1,3,5",5000,,0.05
clustering,0.9921266371688214,0.9811739489890137,0.5632928920525857,0.7279325285656744,2,spearman,rnn,"kappa=1,3,5",5000,,0.05
degree,0.9899201040694169,0.9528050136517108,0.20274778701598237,0.9988000189733086,2,pearson,rnn,"kappa=1,3,5",5000,,0.1
pagerank,0.9644296128312474,0.9855539592222832,0.13400806448128144,0.9891561766605446,2,pearson,rnn,"kappa=1,3,5",5000,,0.1
betweenness,0.8422689580831387,0.8662296893535564,0.3910600345521316,0.9257020499149904,2,pearson,rnn,"kappa=1,3,5",5000,,0.1
closeness,,,,,2,pearson,rnn,"kappa=1,3,5",5000,,0.1
clustering,0.9627905349897626,0.9701530662561193,0.020224322399205467,0.9877257503344519,2,pearson,rnn,"kappa=1,3,5",5000,,0.1
degree,0.9869450366606441,0.9508279238697424,0.18582013341971199,0.9988014266467442,2,spearman,rnn,"kappa=1,3,5",5000,,0.1
pagerank,0.9633338758424186,0.9842816995975459,0.09551270787466062,0.9863806833334453,2,spearman,rnn,"kappa=1,3,5",5000,,0.1
betweenness,0.8920662130775288,0.9126907254971922,0.33048359166217195,0.9381207357241409,2,spearman,rnn,"kappa=1,3,5",5000,,0.1
closeness,,,,,2,spearman,rnn,"kappa=1,3,5",5000,,0.1
clustering,0.9731670910589159,0.9852859543131055,0.08944312395957452,0.981913719001813,2,spearman,rnn,"kappa=1,3,5",5000,,0.1
degree,0.9939062818129486,0.9104156537612508,0.04776853468199519,0.9993807275589647,2,pearson,rnn,"kappa=1,3,5",5000,,0.15
pagerank,0.9365335348787226,0.9787729980437241,0.14055942105751398,0.9933196372882146,2,pearson,rnn,"kappa=1,3,5",5000,,0.15
betweenness,0.8664930330674027,0.8995443714106809,0.21652269352667425,0.9084168386937268,2,pearson,rnn,"kappa=1,3,5",5000,,0.15
closeness,0.47649681057063487,0.27455536436876565,-0.05980753055222303,0.9999075535918984,2,pearson,rnn,"kappa=1,3,5",5000,,0.15
clustering,0.884806798429375,0.9169484016019572,0.1692434796569413,0.9904132465241299,2,pearson,rnn,"kappa=1,3,5",5000,,0.15
degree,0.9915428544042949,0.9097625022700202,0.06773186371351372,0.9992971549999954,2,spearman,rnn,"kappa=1,3,5",5000,,0.15
pagerank,0.9502627200834637,0.9817987691957833,0.13199572024706097,0.9915352951535609,2,spearman,rnn,"kappa=1,3,5",5000,,0.15
betweenness,0.887032347105123,0.913159953734181,0.2735942428737028,0.9263713047658958,2,spearman,rnn,"kappa=1,3,5",5000,,0.15
closeness,0.8893860858821973,0.8636881274190096,-0.126845018149028,0.9997590751716718,2,spearman,rnn,"kappa=1,3,5",5000,,0.15
clustering,0.9646471465533765,0.984990879846199,0.11957843152835597,0.9871240067951798,2,spearman,rnn,"kappa=1,3,5",5000,,0.15
