name,dataset_type,bin_size_um,component_id,component_size,n_bins,n_border_bins,const_c,const_AIC,pl_best_fit_type,pl_entropy_AIC_weights,pl_observed_half_life,pl_observed_effect_strength,pl_included_samples,pl_affected_samples,pl_relative_likelihood_over_baseline,pl_scaled_relative_likelihood_over_baseline,pl_piecewise_linear_b,pl_piecewise_linear_m,pl_piecewise_linear_c,pl_AIC,pl_affected_pct,pl_elbow_grid_steps,pl_elbow_um,exp_best_fit_type,exp_entropy_AIC_weights,exp_observed_half_life,exp_observed_effect_strength,exp_included_samples,exp_affected_samples,exp_relative_likelihood_over_baseline,exp_scaled_relative_likelihood_over_baseline,exp_exponential_saturation_a,exp_exponential_saturation_b,exp_exponential_saturation_c,exp_AIC,exp_affected_pct,exp_gamma,exp_beta,exp_lambda_gridstep,exp_lambda_per_um,exp_decay_length_gridstep,exp_decay_length_um,aic_best_model,blade_buffer_raw_grid_steps,blade_buffer_raw_um,blade_buffer_exp_sat_corrected_grid_steps,blade_buffer_exp_sat_corrected_um,parent_sample
breast_cancer_c0,visium_demo,8.0,0,1458864,1458864,6423,5.848893165588379,2738209.991793396,Piecewise Linear Fit,-1.6017132519074581e-15,0.017058612620920396,-0.10069315732524521,1.0,0.06075343554985249,inf,1.0359139238505777,14.40005592709397,0.07476838308493303,4.807951865736868,2635260.715693315,6.075343554985249,14.40005592709397,115.20044741675176,Exponential Saturation Fit,-1.6017132519074581e-15,0.012831030597881179,-0.11856950863741329,1.0,0.09171245571897038,inf,1.0397948436777062,1.2491424721390063,0.12798923546257593,4.642982313245772,2624350.2432637615,9.171245571897039,5.8921247853847785,0.21200203961013572,0.12798923546257593,0.01599865443282199,7.813157070481917,62.50525656385533,ExponentialSaturation,54.0,432.0,3.0,24.0,breast_cancer
breast_cancer_c4,visium_demo,8.0,4,1382,1382,163,4.564429759979248,2667.37101121321,Piecewise Linear Fit,0.9907876323038913,0.15534356839158162,-0.08026847768093277,1.0,0.5759768451519537,3.519713075921083e+55,1.0969651783764076,4.349619917649678,0.16386897313891477,4.083514389417138,2411.5698920363343,57.59768451519537,4.349619917649678,34.79695934119742,Exponential Saturation Fit,0.9907876323038913,0.12577311815090073,-0.09263262429507307,1.0,0.8125904486251809,2.805651248922397e+55,1.0967852148193438,0.8250390889043786,0.39128164091284595,4.023884213918243,2412.0233796112043,81.2590448625181,4.848923302822621,0.170148925313814,0.39128164091284595,0.048910205114105744,2.555703859928199,20.445630879425593,PiecewiseLinear,6.0,48.0,1.0,8.0,breast_cancer
breast_cancer_c11,visium_demo,8.0,11,1164,1164,216,5.039597034454346,3001.7436309914583,Piecewise Linear Fit,0.5417426941538814,0.14509516756709398,-0.11965079013705836,1.0,0.6606529209621993,2.772065116232316e+77,1.1655519037560664,3.1920936873735295,0.367565032928384,4.316375621906219,2645.106341526863,66.06529209621993,3.1920936873735295,25.536749498988236,Exponential Saturation Fit,0.5417426941538814,0.11536340072774172,-0.13431268723934253,1.0,0.852233676975945,3.936650976006668e+76,1.1635990918841461,1.3194974446773124,0.5442392675086223,4.241604818637295,2649.010036144843,85.2233676975945,5.561102263314607,0.23727264527785302,0.5442392675086223,0.06802990843857779,1.8374271385777161,14.699417108621729,PiecewiseLinear,5.0,40.0,1.0,8.0,breast_cancer
breast_cancer_c15,visium_demo,8.0,15,624,624,99,4.6685028076171875,1581.8467874590858,Piecewise Linear Fit,0.9380967516306499,0.17773705001266235,-0.09395117653922662,1.0,0.5048076923076923,1.963261545056898e+19,1.0737872285513264,2.707210091704663,0.3129455699114922,4.085170153841382,1492.9993396376326,50.480769230769226,2.707210091704663,21.657680733637303,Exponential Saturation Fit,0.9380967516306499,0.1594801889816325,-0.10518856664136589,1.0,0.8701923076923077,1.0785999618951395e+19,1.0727570537402757,0.9666689354951987,0.559129088137925,4.053429182833061,1494.1972261881263,87.01923076923077,5.02009811832826,0.19255976929333576,0.559129088137925,0.06989113601724062,1.788495753870208,14.307966030961664,PiecewiseLinear,4.0,32.0,1.0,8.0,breast_cancer
breast_cancer_c2,visium_demo,8.0,2,475,475,188,3.7267963886260986,846.4326760438768,Piecewise Linear Fit,0.9999986037410689,0.20268153135098593,-0.06933551371124219,1.0,0.8252631578947368,127705530217688.52,1.0707726840576512,1.4615573082046667,0.35384792242388596,3.4708824653638652,781.4711796751683,82.52631578947368,1.4615573082046667,11.692458465637333,Exponential Saturation Fit,0.9999986037410689,0.25622473131394585,-0.08482217411905883,1.0,1.0,128061370393913.23,1.070778956632637,0.7122757847731602,0.6516540471862003,3.475890325292435,781.4656146015803,100.0,4.188166110065595,0.1700686567949915,0.6516540471862003,0.08145675589827504,1.5345565708030737,12.27645256642459,ExponentialSaturation,3.0,24.0,1.0,8.0,breast_cancer
breast_cancer_c9,visium_demo,8.0,9,444,444,157,3.914293050765991,741.5215940703475,Piecewise Linear Fit,0.9961265842264903,0.2806554331568502,-0.09655093233509214,1.0,0.9211711711711712,2.3745232056761392e+27,1.1525418489643053,2.245243465968233,0.3415857173028954,3.5882306454080517,615.4524057250136,92.11711711711712,2.245243465968233,17.961947727745866,Exponential Saturation Fit,0.9961265842264903,0.29482036431080094,-0.111382529307221,1.0,1.0,2.0504167537482645e+27,1.1521609667344248,1.060862750850963,0.4651541717706536,3.573445856008566,615.7459129146688,100.0,4.634308606859529,0.22891499916097818,0.4651541717706536,0.0581442714713317,2.1498248552590744,17.198598842072595,PiecewiseLinear,,,1.0,8.0,breast_cancer
breast_cancer_c7,visium_demo,8.0,7,424,424,86,5.55804443359375,1039.4109007141556,Piecewise Linear Fit,0.13867918976664004,0.25958718123303703,-0.16560822521505164,1.0,0.7311320754716981,2.4917295631364275e+107,1.7918169238105035,3.482727500668413,0.5208022233627989,4.569308076815131,544.831736667389,73.11320754716981,3.482727500668413,27.861820005347305,Exponential Saturation Fit,0.13867918976664004,0.27777893645383983,-0.19194900472132354,1.0,1.0,4.958040119232504e+105,1.7753394005912304,2.4589587599179343,0.30795440984123706,4.519917875628788,552.6660101346099,100.0,6.978876635546722,0.35234306154564954,0.30795440984123706,0.03849430123015463,3.247233902302423,25.977871218419384,PiecewiseLinear,6.0,48.0,1.0,8.0,breast_cancer
breast_cancer_c22,visium_demo,8.0,22,405,405,89,5.836087226867676,853.2863077093897,Piecewise Linear Fit,0.2027581420196726,0.21457804280342022,-0.11027633435926915,1.0,0.6592592592592592,2.8663909239889285e+60,1.4101891581722124,2.5749365142099943,0.4894983297693625,5.084644165154661,574.8699891087869,65.92592592592592,2.5749365142099943,20.599492113679954,Exponential Saturation Fit,0.2027581420196726,0.2151825358931869,-0.12632292529918318,1.0,1.0,9.378429036136793e+58,1.3983316826305034,1.5388251712537118,0.4990178586274575,5.054922235632913,581.7096123844088,100.0,6.593747406886624,0.23337642106922932,0.4990178586274575,0.06237723232843219,2.003936297491412,16.031490379931295,PiecewiseLinear,4.0,32.0,1.0,8.0,breast_cancer
breast_cancer_c6,visium_demo,8.0,6,316,316,62,5.689168930053711,584.6606616219747,Piecewise Linear Fit,0.25458735967486235,0.18340720943995692,-0.10174696922017352,1.0,0.5727848101265823,2.456757519353377e+49,1.4331729904116712,2.4606659278038276,0.4561537356888629,4.954628604149536,357.20963771066414,57.27848101265823,2.4606659278038276,19.68532742243062,Exponential Saturation Fit,0.25458735967486235,0.15309888906015262,-0.11124105365604091,1.0,0.8512658227848101,1.0961252089147382e+48,1.4191387996413614,1.2446647933702923,0.6636261141376363,4.914150273763235,363.42892984712375,85.12658227848101,6.158815067133528,0.20209484775934206,0.6636261141376363,0.08295326426720454,1.5068725878870397,12.054980703096318,PiecewiseLinear,4.0,32.0,1.0,8.0,breast_cancer
breast_cancer_c13,visium_demo,8.0,13,303,303,75,5.556475639343262,514.3531874917358,Piecewise Linear Fit,0.02242044437595455,0.19309256324709903,-0.07468215521139619,1.0,0.6666666666666666,7.676053362236162e+26,1.2266758869572612,2.079670552803591,0.39266453553317493,5.058949224898246,390.54255159614564,66.66666666666666,2.079670552803591,16.63736442242873,Exponential Saturation Fit,0.02242044437595455,0.15612535960652676,-0.07955443585735822,1.0,0.9240924092409241,1.6774216048983838e+24,1.2021241287573656,0.8837083238604488,0.8092993306410323,5.0468133507622746,402.79458731706734,92.4092409240924,5.930521674622724,0.14901021737125122,0.8092993306410323,0.10116241633012904,1.235636756560662,9.885094052485297,PiecewiseLinear,3.0,24.0,1.0,8.0,breast_cancer
breast_cancer_c8,visium_demo,8.0,8,151,151,47,5.261547565460205,292.58346655088945,Piecewise Linear Fit,0.9990253020142367,0.17677669524429218,-0.04802099854485722,1.0,0.6821192052980133,1357.5833917622801,1.0489307039510332,1.4142135623896268,0.3536128200374963,4.956888914339868,278.15654359025524,68.21192052980133,1.4142135623896268,11.313708499117014,Exponential Saturation Fit,0.9990253020142367,0.2191881872835466,-0.05695349197299518,1.0,1.0,1461.1866707521763,1.049441697173107,0.6337846200831099,0.7308746921217173,4.965151415832589,278.00945820537873,100.0,5.598936035915699,0.11319733178188651,0.7308746921217173,0.09135933651521466,1.3682235967112453,10.945788773689962,ExponentialSaturation,2.0,16.0,1.0,8.0,breast_cancer
breast_cancer_c57,visium_demo,8.0,57,129,129,44,5.664255619049072,325.11884115512856,Piecewise Linear Fit,0.8821163347828552,0.3471107879866138,-0.16199810526524488,1.0,0.8992248062015504,6.206518866897947e+27,1.6422846540137657,2.5030514891067033,0.7530447498203927,4.875235937032782,197.1280457937894,89.92248062015504,2.5030514891067033,20.024411912853626,Exponential Saturation Fit,0.8821163347828552,0.33564296172056945,-0.1774400536437526,1.0,1.0,1.4435326692618279e+28,1.6530657538735478,2.7472306575950243,0.3939187249529427,4.828972919128094,195.4398892437743,100.0,7.576203576723119,0.36261309899796335,0.3939187249529427,0.04923984061911784,2.538594731995691,20.308757855965528,ExponentialSaturation,,,1.0,8.0,breast_cancer
breast_cancer_c14,visium_demo,8.0,14,111,111,38,4.560664653778076,273.3218263549429,Piecewise Linear Fit,0.9860078776208714,0.2199504116585255,-0.11682889123691322,1.0,0.7387387387387387,24925086.381981734,1.165833059444038,1.5860849748709462,0.6650091443876733,3.9867469537345714,239.25905567597798,73.87387387387388,1.5860849748709462,12.68867979896757,Exponential Saturation Fit,0.9860078776208714,0.186701027013195,-0.1241613761911388,1.0,0.972972972972973,18839673.930243663,1.1628968701215046,1.1611780513945933,0.9881501361721806,3.979352599649449,239.8188753156413,97.2972972972973,5.140530651044043,0.2258868062889106,0.9881501361721806,0.12351876702152258,1.0119919670038426,8.095935736030741,PiecewiseLinear,2.0,16.0,1.0,8.0,breast_cancer
pancreas_c0,visium_demo,8.0,0,1246205,1246205,10402,7.333090305328369,2951465.2643213007,Piecewise Linear Fit,-1.6017132519074581e-15,0.006369218906281865,-0.11207577872714648,1.0,0.036032594958293376,inf,1.0283137634810258,3.881400121211767,0.38244912019204685,5.880255862227309,2881876.3350416045,3.6032594958293376,3.881400121211767,31.051200969694136,Exponential Saturation Fit,-1.6017132519074581e-15,0.005194833384411263,-0.1207062204707798,1.0,0.05894776541580238,inf,1.0296269360016397,1.5877616556538396,0.43790670449643826,5.783086164632799,2878695.519610775,5.894776541580238,7.370847820286638,0.2154109940085691,0.43790670449643826,0.05473833806205478,2.2835914356459313,18.26873148516745,ExponentialSaturation,14.0,112.0,1.0,8.0,pancreas
pancreas_c4,visium_demo,8.0,4,975,975,256,7.906323432922363,2451.620412952682,Piecewise Linear Fit,0.9493865218053965,0.1607341196666208,-0.05404330847418914,1.0,0.518974358974359,1.1432201974857694e+38,1.0940419612015864,1.6073411970054268,0.5234443334818837,7.363391783585148,2276.35624785518,51.8974358974359,1.6073411970054268,12.858729576043414,Exponential Saturation Fit,0.9493865218053965,0.1366545702370715,-0.05763261990635965,1.0,0.7394871794871795,6.666371752625256e+37,1.0934369176153889,0.905539506557245,1.0048584072887656,7.354680847103951,2277.43496457752,73.94871794871794,8.260220353661195,0.10962655568333365,1.0048584072887656,0.1256073009110957,0.9951650827086432,7.961320661669146,PiecewiseLinear,3.0,24.0,1.0,8.0,pancreas
pancreas_c5,visium_demo,8.0,5,447,447,130,1.5109895467758179,608.3905206880962,Piecewise Linear Fit,0.9995304134262684,0.4642383440566159,-0.05739250696797002,1.0,0.9865771812080537,0.9263841730248937,0.9998289491796402,4.999999999210986,0.03559742487338078,1.4616193465192628,608.5434532014867,98.65771812080537,4.999999999210986,39.99999999368789,Exponential Saturation Fit,0.9995304134262684,0.49989615901052475,-0.06057779803620298,1.0,1.0,0.8802904336189639,0.999714798199564,227.12217618232754,0.00015426229147717338,1.462363307296519,608.6455274636105,100.0,228.58453948962406,0.9936025274913096,0.00015426229147717338,1.9282786434646672e-05,6482.465613756119,51859.72491004895,Constant,1.0,8.0,1.0,8.0,pancreas
pancreas_c27,visium_demo,8.0,27,275,275,58,1.9977492094039917,368.5243894950464,Piecewise Linear Fit,0.962448401329301,0.36203971521189265,-0.04369401938474046,1.0,0.8727272727272727,1.5770885268027528,1.0016580291678705,4.222072337113633,0.04142069844604783,1.9137621756027092,367.6132286098163,87.27272727272727,4.222072337113633,33.77657869690906,Exponential Saturation Fit,0.962448401329301,0.4999552861183072,-0.058056004786615996,1.0,1.0,2.504223035525661,1.003343681385361,658.8346828823362,6.134692797002671e-05,1.9115206697083265,366.6884324531129,100.0,660.7462035520446,0.9971070273889848,6.134692797002671e-05,7.668365996253339e-06,16300.734740761372,130405.87792609098,ExponentialSaturation,1.0,8.0,1.0,8.0,pancreas
pancreas_c21,visium_demo,8.0,21,191,191,63,1.5425184965133667,245.988732137081,Piecewise Linear Fit,0.9999999999999971,0.1314483708002412,0.030328892113981,1.0,0.3298429319371728,0.3369264496004641,0.994320427678357,0.9478876810688712,-0.09973918927826969,1.6058761543697782,248.1645133828682,32.98429319371728,0.9478876810688712,7.58310144855097,Exponential Saturation Fit,0.9999999999999971,0.01123756138173868,0.030328877419691765,1.0,0.3298429319371728,0.33692644253612947,0.9943204275692056,-0.09454150383245122,17.107309343396928,1.6058761450725683,248.16451342480218,32.98429319371728,1.511334641240117,-0.06255497707302979,17.107309343396928,2.138413667924616,0.05845454594447838,0.46763636755582705,Constant,1.0,8.0,1.0,8.0,pancreas
pancreas_c18,visium_demo,8.0,18,188,188,54,4.479066848754883,291.5638469900861,Piecewise Linear Fit,0.9995306057621286,0.47270910800050375,-0.10359034962356724,1.0,0.9574468085106383,2549360660322882.0,1.2076722928080468,3.78167286559947,0.2519605822562373,4.122624591495343,220.61460898767984,95.74468085106383,3.78167286559947,30.25338292479576,Exponential Saturation Fit,0.9995306057621286,0.4999408484382292,-0.10721116768635695,1.0,1.0,2422538438005512.0,1.207344552707351,2094.685372037472,0.00011830309938395724,4.126205831802862,220.71666233678746,100.0,2098.811577869275,0.9980340275061795,0.00011830309938395724,1.4787887422994655e-05,8452.863916561153,67622.91133248922,PiecewiseLinear,,,1.0,8.0,pancreas
pancreas_c16,visium_demo,8.0,16,181,181,66,4.152103424072266,434.09083094393793,Piecewise Linear Fit,0.9991169861203517,0.34289435585919864,-0.08452875419094517,1.0,0.8839779005524862,3368.5300869595485,1.0458962868500081,2.1686543233920332,0.3282285320355651,3.8545786083596636,417.8463674395027,88.39779005524862,2.1686543233920332,17.349234587136266,Exponential Saturation Fit,0.9991169861203517,0.3224369750582434,-0.09209920481716469,1.0,1.0,3140.8085792867346,1.0454918967456794,0.9870741687905346,0.4920647047480453,3.8388090212745705,417.98635983377903,100.0,4.825883190065105,0.2045375177796664,0.4920647047480453,0.061508088093505664,2.0322530560529346,16.258024448423477,PiecewiseLinear,2.0,16.0,1.0,8.0,pancreas
pancreas_c3,visium_demo,8.0,3,106,106,57,4.8988566398620605,118.84870490731535,Piecewise Linear Fit,0.9989974895649106,0.04400009077669688,-0.03652808403004689,1.0,0.5377358490566038,6941.176203897294,1.0870260068704862,0.1760003631242184,2.039092904216672,4.732959065520973,101.15825186537533,53.77358490566038,0.1760003631242184,1.4080029049937473,Exponential Saturation Fit,0.9989974895649106,0.1749768116010905,-0.0409309424670208,1.0,0.9905660377358491,7478.681626211555,1.0877911452777567,0.41283667357444626,1.9199037001882928,4.732691998314613,101.00908130280769,99.05660377358491,5.14552867188906,0.0802321199432522,1.9199037001882928,0.2399879625235366,0.5208594576394253,4.1668756611154025,ExponentialSaturation,,,1.0,8.0,pancreas
colon_cancer_ff_c0,visium_demo,8.0,0,1720047,1720047,9911,6.001514911651611,5293701.255105934,Piecewise Linear Fit,-1.6017132519074581e-15,0.18566427814569494,-0.07080796529218342,1.0,0.6771547521666559,inf,1.0387332330142975,193.43224561810842,0.004334840307021684,5.501680227044252,5162971.059016543,67.7154752166656,193.43224561810842,1547.4579649448674,Exponential Saturation Fit,-1.6017132519074581e-15,0.13500476278376788,-0.08525354484458242,1.0,0.8583131740004779,inf,1.0383094662782346,1.008523659220272,0.009768710172483737,5.377225499857535,5164374.783096798,85.8313174000478,6.3857491590778075,0.15793349129390435,0.009768710172483737,0.0012210887715604672,102.36765983873444,818.9412787098755,PiecewiseLinear,172.0,1376.0,9.0,72.0,colon_cancer_ff
colon_cancer_ff_c6,visium_demo,8.0,6,113,113,50,3.4348981380462646,-16.077593158300154,Piecewise Linear Fit,0.987981529982269,0.3176176301367904,0.009354915034464712,1.0,0.9203539823008849,0.3011798430067466,0.9894363007337919,1.4204292205973026,-0.045197357497595424,3.4634322860912077,-13.677497743131848,92.03539823008849,1.4204292205973026,11.36343376477842,Exponential Saturation Fit,0.987981529982269,0.4999724913140101,0.014775009580303363,1.0,1.0,0.39031210956260454,0.9917088233459234,-458.6306647347538,9.84179873968361e-05,3.465666599905091,-14.195976000334696,100.0,-455.1649981348487,1.007614088548343,9.84179873968361e-05,1.2302248424604513e-05,10160.744254684358,81285.95403747486,Constant,1.0,8.0,1.0,8.0,colon_cancer_ff
colon_cancer_ff_c5,visium_demo,8.0,5,105,105,34,5.50156307220459,172.85091634822396,Piecewise Linear Fit,0.67101751450321,0.3845154424544889,-0.09762416991605513,1.0,0.9142857142857143,14490838807124.484,1.3345773438079307,2.7727802887329553,0.39538326099557436,5.066800929593111,112.24184082967177,91.42857142857143,2.7727802887329553,22.182242309863643,Exponential Saturation Fit,0.67101751450321,0.44962430260641767,-0.11065849217605833,1.0,1.0,3092923741585.117,1.3150912774811208,3.784198264375089,0.11253727487768705,5.071793128346206,115.33064043989212,100.0,8.855991392721295,0.4273037423551819,0.11253727487768705,0.014067159359710882,8.88594468887634,71.08755751101071,PiecewiseLinear,,,1.0,8.0,colon_cancer_ff
breast_cancer_tma_c21,visium_demo,8.0,21,17665,17665,455,1.5412404537200928,50623.32120287035,Piecewise Linear Fit,0.7932375337474258,0.048507007186561375,-0.15455436615391807,1.0,0.17548825360883102,2.3739954609979774e+39,1.0051456813519162,5.917854885038718,0.07157081870417593,1.158443102703326,50441.99041684837,17.548825360883104,5.917854885038718,47.342839080309744,Exponential Saturation Fit,0.7932375337474258,0.03212795687198376,-0.18255042698293952,1.0,0.2380413246532692,7.562418812183371e+39,1.0052116092753831,0.4896619374391359,0.3536816414651719,1.0963380039933377,50439.67318344137,23.80413246532692,1.5859999414324735,0.30874019894154203,0.3536816414651719,0.044210205183146487,2.827401489818275,22.6192119185462,ExponentialSaturation,6.0,48.0,1.0,8.0,breast_cancer_tma
breast_cancer_tma_c29,visium_demo,8.0,29,14454,14454,838,2.303651809692383,54574.415949009664,Piecewise Linear Fit,0.1274893458973596,0.023994742795558896,-0.12823986960224912,1.0,0.13830081638300817,1.3555469625620845e+21,1.0033721106175433,1.796884248320773,0.29740417138252107,1.816398341519369,54477.098965033336,13.830081638300818,1.796884248320773,14.375073986566184,Exponential Saturation Fit,0.1274893458973596,0.012123684531533074,-0.13150011629190167,1.0,0.13830081638300817,2.4223327277398127e+19,1.003092765550749,0.5451001033230728,1.5269219103101073,1.8000720823749041,54485.14825344997,13.830081638300818,2.345172185697977,0.23243500270358125,1.5269219103101073,0.1908652387887634,0.6549123391627192,5.2392987133017535,PiecewiseLinear,3.0,24.0,1.0,8.0,breast_cancer_tma
breast_cancer_tma_c17,visium_demo,8.0,17,13618,13618,446,4.368232250213623,29470.828295584302,Piecewise Linear Fit,-1.6017132519074581e-15,0.10039117681394807,-0.0596502256261484,1.0,0.34241445146130123,2.6106227735856423e+156,1.0268003997756103,10.527200915452436,0.047724412717306965,3.9600515808612884,28750.50256896328,34.241445146130125,10.527200915452436,84.21760732361949,Exponential Saturation Fit,-1.6017132519074581e-15,0.020700447587568234,-0.12212524194239414,1.0,0.17131737406373918,4.317879862003708e+231,1.039942896210164,0.9658323115143923,0.6386432923163216,3.471353641954874,28404.108453602847,17.13173740637392,4.437185953469266,0.21766775646606495,0.6386432923163216,0.0798304115395402,1.5658193110790517,12.526554488632414,ExponentialSaturation,5.0,40.0,1.0,8.0,breast_cancer_tma
breast_cancer_tma_c14,visium_demo,8.0,14,13308,13308,387,1.8383599519729614,24189.98241303267,Piecewise Linear Fit,-1.6017132519074581e-15,0.05161113702665025,-0.4341329149027095,1.0,0.1990532010820559,inf,1.1633348036616222,5.904458443836848,0.20180669772795648,0.7765642067519194,20163.22883740048,19.90532010820559,5.904458443836848,47.235667550694785,Exponential Saturation Fit,-1.6017132519074581e-15,0.03405007831768036,-0.5112595476044562,1.0,0.2681845506462278,inf,1.1527310657056258,1.3369370104922937,0.3558776363532436,0.6390249349866598,20406.944756837824,26.818455064622782,1.9759619454789537,0.6766005861353941,0.3558776363532436,0.04448470454415545,2.809954596324793,22.479636770598344,PiecewiseLinear,8.0,64.0,6.0,48.0,breast_cancer_tma
breast_cancer_tma_c24,visium_demo,8.0,24,13010,13010,384,1.6993755102157593,36462.08704823475,Piecewise Linear Fit,0.611055002926896,0.10704739251167346,-0.17595511744275294,1.0,0.3827056110684089,1.6224934373592844e+90,1.0160940565878656,12.890213044073644,0.042086307537064716,1.2703397517934467,36046.65380324619,38.27056110684089,12.890213044073644,103.12170435258915,Exponential Saturation Fit,0.611055002926896,0.06271278769564771,-0.22461927302633894,1.0,0.46910069177555724,9.159202019253309e+90,1.0162292424012977,0.6663957063521603,0.18357156884058057,1.1501733388065942,36043.192213377646,46.91006917755573,1.8165690451587544,0.36684303749870534,0.18357156884058057,0.02294644610507257,5.447466654645372,43.579733237162976,ExponentialSaturation,11.0,88.0,1.0,8.0,breast_cancer_tma
breast_cancer_tma_c16,visium_demo,8.0,16,12836,12836,376,5.391155242919922,27625.415709929137,Piecewise Linear Fit,-1.6005723888977764e-15,0.02782140195052713,-0.13104874703937527,1.0,0.12402617637893425,inf,1.083384363885167,3.326025041311114,0.38169005455376503,4.208902871935301,25569.350064251837,12.402617637893425,3.326025041311114,26.608200330488913,Exponential Saturation Fit,-1.6005723888977764e-15,0.019290911127375934,-0.1417508150902586,1.0,0.1611093798691181,inf,1.0795741383483592,1.3617774550931259,0.601113127728862,4.122531465176317,25659.796747403623,16.11093798691181,5.484308920269443,0.24830429410351704,0.601113127728862,0.07513914096610776,1.663580370933206,13.308642967465648,PiecewiseLinear,5.0,40.0,4.0,32.0,breast_cancer_tma
breast_cancer_tma_c34,visium_demo,8.0,34,12698,12698,376,5.617714881896973,28631.324703271875,Piecewise Linear Fit,0.00048481512067252095,0.022185530480516552,-0.21406449830215965,1.0,0.0971019058119389,inf,1.1943699232702931,2.6362534800709874,0.7671964573849418,3.7128381565244135,24120.518027452723,9.710190581193888,2.6362534800709874,21.0900278405679,Exponential Saturation Fit,0.00048481512067252095,0.01804303674147642,-0.2232261950534609,1.0,0.16183650968656482,inf,1.1933888232280174,2.100385780513575,0.6465892424789259,3.65442024886926,24141.387822705157,16.183650968656483,5.754806029382834,0.3649794223800846,0.6465892424789259,0.08082365530986574,1.5465769213328548,12.372615370662839,PiecewiseLinear,7.0,56.0,1.0,8.0,breast_cancer_tma
breast_cancer_tma_c32,visium_demo,8.0,32,12582,12582,374,5.670699119567871,28367.412390352394,Piecewise Linear Fit,3.412480929022222e-11,0.02320226846725732,-0.2252319755620081,1.0,0.0975997456684152,inf,1.230839833378151,2.7236735694001064,0.782642290108481,3.666317016560861,23140.931933183318,9.75997456684152,2.7236735694001064,21.78938855520085,Exponential Saturation Fit,3.412480929022222e-11,0.018513078044796783,-0.236192089838574,1.0,0.16269273565410905,inf,1.228120477337313,2.223196125846711,0.6378994326971381,3.5947325498895895,23196.58952392215,16.269273565410906,5.817928675736301,0.3821284601027443,0.6378994326971381,0.07973742908714226,1.567645225473621,12.541161803788968,PiecewiseLinear,6.0,48.0,3.0,24.0,breast_cancer_tma
breast_cancer_tma_c23,visium_demo,8.0,23,12573,12573,387,4.6213274002075195,23500.071584915695,Piecewise Linear Fit,-1.6017132519074581e-15,0.048282057887049465,-0.12786594724046058,1.0,0.19327129563350035,inf,1.117399797587501,5.504154601954781,0.1950801735761356,3.6618631112570146,20708.755523465443,19.327129563350034,5.504154601954781,44.03323681563825,Exponential Saturation Fit,-1.6017132519074581e-15,0.04046044802057971,-0.14267199885778853,1.0,0.3163127336355683,inf,1.1252767122597251,1.1901944682421606,0.3005521888295234,3.575989036195999,20532.115058406354,31.63127336355683,4.7661835044381595,0.24971645911951965,0.3005521888295234,0.037569023603690424,3.3272091742017267,26.617673393613813,ExponentialSaturation,20.0,160.0,1.0,8.0,breast_cancer_tma
breast_cancer_tma_c31,visium_demo,8.0,31,12521,12521,398,4.242771148681641,30850.910717675815,Piecewise Linear Fit,0.00012582232299834643,0.022558025959504523,-0.10418064061254732,1.0,0.10342624391023081,2.57085040730259e+114,1.021262664584304,2.6403492452072785,0.3068286624422987,3.4830581657045063,30324.03284298926,10.342624391023081,2.6403492452072785,21.12279396165823,Exponential Saturation Fit,0.00012582232299834643,0.015164032520809148,-0.11067936797257934,1.0,0.14248063253733728,1.737454725886313e+109,1.0202921279202406,0.8559732643712452,0.7810529299811199,3.438918645825378,30347.842324920966,14.248063253733728,4.294891910196624,0.19930030423793788,0.7810529299811199,0.09763161624763998,1.2803229609857205,10.242583687885764,PiecewiseLinear,4.0,32.0,1.0,8.0,breast_cancer_tma
breast_cancer_tma_c27,visium_demo,8.0,27,12507,12507,387,5.528071880340576,42948.618008735226,Piecewise Linear Fit,1.0829937291938305e-15,0.034547234830491484,-0.2716012877495275,1.0,0.13848244982809627,inf,1.1003499434313067,3.867439114077979,0.6323117667194688,3.279156150213822,40556.572723008816,13.848244982809627,3.867439114077979,30.939512912623833,Exponential Saturation Fit,1.0829937291938305e-15,0.03199829571503085,-0.2839440992434156,1.0,0.2563364515871112,inf,1.103650414987942,2.557955887206102,0.38700663934309193,3.225352122204138,40481.65616783317,25.633645158711122,5.78330800941024,0.44229978466371755,0.38700663934309193,0.04837582991788649,2.583934998369557,20.671479986956456,ExponentialSaturation,33.0,264.0,1.0,8.0,breast_cancer_tma
breast_cancer_tma_c9,visium_demo,8.0,9,12375,12375,415,4.841156005859375,52331.84378327019,Piecewise Linear Fit,8.058564316213928e-05,0.034214966824961765,-0.1740774049435966,1.0,0.144,1.4767524110614735e+79,1.0148398672123145,3.69521641803072,0.3981886210305649,3.490564535287568,51967.25564785736,14.399999999999999,3.69521641803072,29.56173134424576,Exponential Saturation Fit,8.058564316213928e-05,0.021023274659834456,-0.1931142260640962,1.0,0.17292929292929293,6.161832687900058e+73,1.013824552994532,1.6059432056660476,0.6105642011425032,3.3550421240109647,51992.029611197926,17.292929292929294,4.960985329677012,0.32371456453603414,0.6105642011425032,0.0763205251428129,1.6378294012796273,13.102635210237018,PiecewiseLinear,5.0,40.0,1.0,8.0,breast_cancer_tma
breast_cancer_tma_c0,visium_demo,8.0,0,12373,12373,396,2.891064405441284,34341.732879196985,Piecewise Linear Fit,2.7744083942734193e-05,0.14866092803686176,-0.12791937436923045,1.0,0.46949001858886286,7.375446962982234e+162,1.0307733005591677,14.629323072052166,0.04757899748098834,2.3726289963874945,33591.698996055835,46.949001858886284,14.629323072052166,117.03458457641733,Exponential Saturation Fit,2.7744083942734193e-05,0.08855917970488045,-0.15791031911881714,1.0,0.5747999676715428,9.757796898381583e+156,1.0296462895884833,0.8382315884939456,0.15898034231929303,2.2341268362727003,33618.7701968882,57.47999676715428,3.072358424766646,0.27283001284513597,0.15898034231929303,0.01987254278991163,6.290085839616696,50.320686716933565,PiecewiseLinear,14.0,112.0,1.0,8.0,breast_cancer_tma
breast_cancer_tma_c18,visium_demo,8.0,18,12300,12300,453,4.844409942626953,34616.86057978936,Piecewise Linear Fit,-1.6017132519074581e-15,0.05337032180575308,-0.19171694022993171,1.0,0.22016260162601625,inf,1.1196984837039088,5.337032182340296,0.3042238430789386,3.422678146074983,31835.59840290894,22.016260162601625,5.337032182340296,42.69625745872237,Exponential Saturation Fit,-1.6017132519074581e-15,0.0487588415759359,-0.20953169125573598,1.0,0.37284552845528457,inf,1.1274127253364385,1.7693174919641304,0.284316233930438,3.3374151181654486,31666.696135058097,37.28455284552846,5.106732610129579,0.34646761971726486,0.284316233930438,0.03553952924130475,3.517210347702707,28.137682781621656,ExponentialSaturation,17.0,136.0,1.0,8.0,breast_cancer_tma
breast_cancer_tma_c13,visium_demo,8.0,13,12288,12288,367,5.337635517120361,24560.29272967631,Piecewise Linear Fit,-1.6017132519074581e-15,0.033422234934236704,-0.20981858300449366,1.0,0.13818359375,inf,1.3240520268755074,3.8007415245223615,0.5006595872303858,3.583139687250405,17661.889353360573,13.818359375,3.8007415245223615,30.40593219617889,Exponential Saturation Fit,-1.6017132519074581e-15,0.023203019117461404,-0.23152430617041062,1.0,0.197021484375,inf,1.3061827338913465,2.06715517754554,0.525385534160188,3.4306517003989563,17995.823424673043,19.7021484375,5.497806877944496,0.37599632425037127,0.525385534160188,0.0656731917700235,1.9033641677981639,15.226913342385311,PiecewiseLinear,6.0,48.0,4.0,32.0,breast_cancer_tma
breast_cancer_tma_c15,visium_demo,8.0,15,12194,12194,383,4.668606281280518,23642.49725325391,Piecewise Linear Fit,-1.6017132519074581e-15,0.11904213896126475,-0.07828832336932975,1.0,0.4225848778087584,inf,1.0736832155086429,13.543626693455588,0.051786935611262755,4.128794707592215,21908.632516385154,42.25848778087584,13.543626693455588,108.3490135476447,Exponential Saturation Fit,-1.6017132519074581e-15,0.05537257692063728,-0.10868538931597377,1.0,0.426685255043464,inf,1.0820327027627719,0.9450572593082152,0.2200514201202909,3.875131076693455,21719.713084395422,42.6685255043464,4.82018833600167,0.1960623098997283,0.2200514201202909,0.027506427515036364,4.544392394529201,36.355139156233605,ExponentialSaturation,16.0,128.0,2.0,16.0,breast_cancer_tma
breast_cancer_tma_c3,visium_demo,8.0,3,12031,12031,419,3.4411227703094482,25465.75368409141,Piecewise Linear Fit,-1.6017132519074581e-15,0.015946162324450737,-0.13316450893552567,1.0,0.08079128916964508,4.579580259070756e+141,1.0274830139035656,1.7327836962478758,0.4724190308687844,2.6643417749411724,24813.38147317222,8.079128916964509,1.7327836962478758,13.862269569983006,Exponential Saturation Fit,-1.6017132519074581e-15,0.49917554493993727,-0.05381350654472648,1.0,1.0,2.032993180515509e+47,1.0090953072481597,57.31861617527824,0.00012139466039290362,3.3126646550911327,25247.89166698948,100.0,60.63128083036937,0.9453637691679463,0.00012139466039290362,1.5174332549112953e-05,8237.594608884932,65900.75687107946,PiecewiseLinear,3.0,24.0,15.0,120.0,breast_cancer_tma
breast_cancer_tma_c30,visium_demo,8.0,30,11876,11876,367,5.359854698181152,23162.63375357577,Piecewise Linear Fit,-1.6017132519074581e-15,0.036100100637054794,-0.20314335917051013,1.0,0.14398787470528798,inf,1.3418186639825225,3.790338658530679,0.49091973487106,3.6495227642927413,16178.930441140936,14.398787470528799,3.790338658530679,30.322709268245433,Exponential Saturation Fit,-1.6017132519074581e-15,0.026876920978479733,-0.22215075839347026,1.0,0.2201919838329404,inf,1.3332691819763947,2.010423089537666,0.4912542718731669,3.5196955589574532,16330.751988466334,22.01919838329404,5.530118648495119,0.3635406792012955,0.4912542718731669,0.06140678398414586,2.035605708194599,16.28484566555679,PiecewiseLinear,7.0,56.0,4.0,32.0,breast_cancer_tma
breast_cancer_tma_c22,visium_demo,8.0,22,11799,11799,365,5.597618103027344,24839.792282061968,Piecewise Linear Fit,2.445083773135148e-06,0.03314958088995438,-0.15507253641029606,1.0,0.1419611831511145,inf,1.1591672308692584,3.739296235571129,0.4106870516209678,4.183650757062816,21354.324193816527,14.19611831511145,3.739296235571129,29.91436988456903,Exponential Saturation Fit,2.445083773135148e-06,0.024206387075317436,-0.17048368276849685,1.0,0.20781422154419865,inf,1.1575837841856784,1.6704170838204104,0.5077075863102719,4.063844131861358,21386.581592574297,20.781422154419865,5.7342612156817685,0.2913046722134384,0.5077075863102719,0.06346344828878399,1.9696376949326826,15.75710155946146,PiecewiseLinear,6.0,48.0,3.0,24.0,breast_cancer_tma
breast_cancer_tma_c28,visium_demo,8.0,28,11664,11664,366,4.748622894287109,24850.576708987697,Piecewise Linear Fit,-1.6017132409629717e-15,0.031298751394346826,-0.11419034157462239,1.0,0.13185871056241427,8.07878346211074e+256,1.0520240400376888,3.289795070032318,0.3003488282362948,3.8324441179256867,23667.47465877559,13.185871056241428,3.289795070032318,26.318360560258544,Exponential Saturation Fit,-1.6017132409629717e-15,0.034095337154392544,-0.11674477058865074,1.0,0.26371742112482854,3.678172312388428e+281,1.0571575473285484,1.0145772739470598,0.3868286513127167,3.8379906740026906,23553.919054775914,26.371742112482856,4.85256794794975,0.20908048786328215,0.3868286513127167,0.04835358141408959,2.5851239214222232,20.680991371377786,ExponentialSaturation,13.0,104.0,2.0,16.0,breast_cancer_tma
breast_cancer_tma_c19,visium_demo,8.0,19,11593,11593,373,4.308233261108398,23733.97573094707,Piecewise Linear Fit,-1.6017132519074581e-15,0.08297179645246798,-0.1012302283282811,1.0,0.29043388251531094,inf,1.0700242641435411,8.297179653705856,0.09827907219566287,3.6199267855852884,22164.716529813202,29.043388251531095,8.297179653705856,66.37743722964684,Exponential Saturation Fit,-1.6017132519074581e-15,0.07075964385365183,-0.11875758389587006,1.0,0.48244630380401965,inf,1.0784816399025978,0.9510564721499469,0.19590020958046786,3.528467693541416,21982.1769083732,48.244630380401965,4.4795241656913625,0.2123119413963832,0.19590020958046786,0.024487526197558483,5.104639766039865,40.83711812831892,ExponentialSaturation,13.0,104.0,2.0,16.0,breast_cancer_tma
breast_cancer_tma_c11,visium_demo,8.0,11,11042,11042,422,3.798271417617798,30281.12919208382,Piecewise Linear Fit,5.231154128965145e-07,0.1994087900548574,-0.09603998775883145,1.0,0.6426372034051803,2.2839288232841436e+180,1.0383263565610232,18.74442631455694,0.03797458737914629,3.349903868812991,29450.546764349718,64.26372034051802,18.74442631455694,149.95541051645552,Exponential Saturation Fit,5.231154128965145e-07,0.19111919251893442,-0.11838063224145012,1.0,0.977993117188915,1.1817730120193963e+188,1.0399979183733918,0.9104758450515553,0.07373997128904562,3.28436347998005,29415.02316539139,97.7993117188915,4.194839325031605,0.21704665530775616,0.07373997128904562,0.009217496411130703,13.561166115460017,108.48932892368013,ExponentialSaturation,16.0,128.0,2.0,16.0,breast_cancer_tma
breast_cancer_tma_c8,visium_demo,8.0,8,11029,11029,381,5.338018894195557,32321.763241390036,Piecewise Linear Fit,0.042622050674390115,0.04116195999348803,-0.20899138159918765,1.0,0.17036902711034546,inf,1.116450590633431,4.156338974982147,0.4586510778991048,3.607582079250231,29891.974452776958,17.036902711034546,4.156338974982147,33.25071179985718,Exponential Saturation Fit,0.042622050674390115,0.031968917383853455,-0.2279730220223667,1.0,0.24598785021307462,inf,1.1159072196085917,2.0582821529902757,0.4294500065964987,3.4851697268162227,29902.712586464684,24.598785021307464,5.543451879806499,0.3712997240019557,0.4294500065964987,0.053681250824562335,2.328559750005027,18.628478000040214,PiecewiseLinear,7.0,56.0,1.0,8.0,breast_cancer_tma
breast_cancer_tma_c25,visium_demo,8.0,25,10892,10892,364,2.718395948410034,25766.9311201197,Piecewise Linear Fit,0.00023082219276365,0.023516084207607108,-0.22972029642313474,1.0,0.10622475211164158,2.27604928463301e+180,1.03886396835174,2.3619328343965003,0.43979543183993197,1.7415556177113916,24936.355604301672,10.622475211164158,2.3619328343965003,18.895462675172002,Exponential Saturation Fit,0.00023082219276365,0.019363559078896073,-0.23358080993896588,1.0,0.16810503121557105,2.9738068948763602e+175,1.0377919392848272,1.0564687682355618,0.712800072101618,1.7332287225652043,24958.846651742148,16.810503121557105,2.789697490800766,0.37870370236175993,0.712800072101618,0.08910000901270225,1.4029179276758523,11.223343421406819,PiecewiseLinear,4.0,32.0,1.0,8.0,breast_cancer_tma
breast_cancer_tma_c12,visium_demo,8.0,12,10690,10690,387,4.5848493576049805,22790.488992856335,Piecewise Linear Fit,8.062699018609625e-05,0.05698086594813928,-0.11696016413199802,1.0,0.22675397567820393,inf,1.0838744583221476,5.594580950108565,0.1763151521030848,3.7236557990972585,21068.49925928661,22.675397567820394,5.594580950108565,44.75664760086852,Exponential Saturation Fit,8.062699018609625e-05,0.03734787650144629,-0.1377188257425093,1.0,0.3020579981290926,inf,1.0851310638516922,1.1428522574421012,0.37805154756172743,3.577796908459558,21043.726404673915,30.205799812909262,4.720649165901659,0.2420964187928193,0.37805154756172743,0.04725644344521593,2.645141929584939,21.161135436679512,ExponentialSaturation,9.0,72.0,3.0,24.0,breast_cancer_tma
breast_cancer_tma_c5,visium_demo,8.0,5,10636,10636,904,1.8847333192825317,26775.710467255714,Piecewise Linear Fit,0.864116223953224,0.07295639264285171,-0.15378498209061087,1.0,0.3914065438134637,4.212639485496914e+117,1.0257915019166768,4.904927244327365,0.10962563621333136,1.4793859952027326,26234.02937668028,39.140654381346366,4.904927244327365,39.23941795461892,Exponential Saturation Fit,0.864116223953224,0.05275264962516527,-0.17420942177211204,1.0,0.5112824370063934,1.6912938248075567e+117,1.0257034901974709,0.6013880634091464,0.3908775517503907,1.425352358156757,26235.854567869428,51.128243700639345,2.0267404215659033,0.29672673274286454,0.3908775517503907,0.048859693968798835,2.5583459462481155,20.466767569984924,PiecewiseLinear,7.0,56.0,1.0,8.0,breast_cancer_tma
breast_cancer_tma_c20,visium_demo,8.0,20,10191,10191,382,2.72906494140625,28613.859019235126,Piecewise Linear Fit,0.019215498711468194,0.0290231134806673,-0.12720697949662899,1.0,0.1212834854283191,8.765614077766899e+43,1.0099780157027864,2.5546935184066983,0.24507261424619736,2.1478498515801823,28411.495028085374,12.12834854283191,2.5546935184066983,20.437548147253587,Exponential Saturation Fit,0.019215498711468194,0.017560412130973087,-0.13626228576318886,1.0,0.15454813070356196,1.6008445188528207e+41,1.0093533054849178,0.6649852043415609,0.896862666894035,2.1076000493043927,28424.105978981057,15.454813070356197,2.7725852536459534,0.23984301419301876,0.896862666894035,0.11210783336175438,1.1149979109545773,8.919983287636619,PiecewiseLinear,4.0,32.0,1.0,8.0,breast_cancer_tma
breast_cancer_tma_c35,visium_demo,8.0,35,9959,9959,395,3.508331060409546,26006.273613823858,Piecewise Linear Fit,0.016839849673335218,0.06200411984276971,-0.19116728929655497,1.0,0.258258861331459,inf,1.0834144745431773,5.9999999911164235,0.19694789169341884,2.499871669251292,24410.4911684481,25.825886133145897,5.9999999911164235,47.99999992893139,Exponential Saturation Fit,0.016839849673335218,0.04406318396161146,-0.2204978400829039,1.0,0.37011748167486697,inf,1.0827121092778806,1.337907738378154,0.32512381793070055,2.3648798958653288,24423.40796837009,37.011748167486694,3.7027876342434825,0.36132445890365034,0.32512381793070055,0.04064047724133757,3.0757512825872015,24.606010260697612,PiecewiseLinear,8.0,64.0,3.0,24.0,breast_cancer_tma
breast_cancer_tma_c26,visium_demo,8.0,26,9928,9928,370,4.240266799926758,28132.112535534416,Piecewise Linear Fit,0.3041494379676097,0.23146335833598294,-0.15022534227101444,1.0,0.6863416599516519,inf,1.1126894105714162,20.671634782583173,0.05954520071944165,3.481385887049336,26011.889307067002,68.63416599516519,20.671634782583173,165.37307826066538,Exponential Saturation Fit,0.3041494379676097,0.19920131866851432,-0.18210290760950376,1.0,0.987610797743755,inf,1.1123690837468057,1.5487697634668272,0.07384143208697007,3.349447613949002,26017.606378766148,98.7610797743755,4.898217377415829,0.3161904921998209,0.07384143208697007,0.009230179010871259,13.542532582821593,108.34026066257275,PiecewiseLinear,25.0,200.0,2.0,16.0,breast_cancer_tma
breast_cancer_tma_c6,visium_demo,8.0,6,9766,9766,563,1.4914673566818237,21561.256090039868,Piecewise Linear Fit,0.10890203677139387,0.11401762681668266,0.037479087023942065,1.0,0.47726807290600043,242308.87308785075,1.0012703093885065,8.062263652592085,-0.014115081389146964,1.5750731762481596,21536.46015298709,47.72680729060004,8.062263652592085,64.49810922073668,Exponential Saturation Fit,0.10890203677139387,0.10191180544222304,0.03581415996458344,1.0,0.6883063690354291,3547.650391645226,1.0008373400112787,-0.10854324767486156,0.19206190014459004,1.5678743319410435,21544.9080084362,68.83063690354291,1.459331084266182,-0.07437876767316448,0.19206190014459004,0.024007737518073755,5.206654725623196,41.653237804985565,PiecewiseLinear,1.0,8.0,2.0,16.0,breast_cancer_tma
breast_cancer_tma_c33,visium_demo,8.0,33,9658,9658,353,3.0895016193389893,31321.98192996935,Piecewise Linear Fit,-1.6017132519073483e-15,0.30792033798253166,0.06964787693484051,1.0,0.8240836612135017,3.538571807299745e+29,1.0070696742808352,28.32867090869096,-0.015249854307974622,3.317377152719152,31185.904548172748,82.40836612135017,28.32867090869096,226.62936726952768,Exponential Saturation Fit,-1.6017132519073483e-15,0.01151357714538591,-0.20513824733210417,1.0,0.11669082625802443,1.6052927285299357e+59,1.0142154184524486,1.070380114996978,1.3087519870112159,2.0737337509505407,31049.330276745397,11.669082625802444,3.144113865947519,0.3404393608608718,1.3087519870112159,0.16359399837640198,0.7640867100295222,6.112693680236178,ExponentialSaturation,3.0,24.0,1.0,8.0,breast_cancer_tma
breast_cancer_tma_c4,visium_demo,8.0,4,9220,9220,401,3.3676371574401855,31761.735048909584,Piecewise Linear Fit,0.9999973196524439,0.4962570397766395,0.07596591681326319,1.0,0.9997830802603037,7.713977869358395e+16,1.0042263022045244,43.00003497743324,-0.01162773452155144,3.5408999171406945,31683.966257951997,99.97830802603038,43.00003497743324,344.0002798194659,Exponential Saturation Fit,0.9999973196524439,0.4999503564165368,0.07656568240834229,1.0,1.0,7.684295731239994e+16,1.0042258822964136,-1268.439856420547,9.166867775047087e-06,3.5408956206080195,31683.97396847219,100.0,-1264.8989607999388,1.0027993505650197,9.166867775047087e-06,1.1458584718808858e-06,109088.51578748373,872708.1262998699,PiecewiseLinear,2.0,16.0,2.0,16.0,breast_cancer_tma
breast_cancer_tma_c10,visium_demo,8.0,10,9017,9017,529,3.5055229663848877,26702.352461260685,Piecewise Linear Fit,0.1274277321374661,0.0312888872860873,-0.15178127460273902,1.0,0.1754463790617722,9.486714113414093e+117,1.03058508873174,2.6556875095859414,0.3583208448095916,2.658941049896001,26159.04776488929,17.544637906177222,2.6556875095859414,21.24550007668753,Exponential Saturation Fit,0.1274277321374661,0.024350645650760182,-0.15991346476347687,1.0,0.2615060441388488,1.6942121417442775e+116,1.0301251301307783,0.9985635323259694,0.6707460497856165,2.6229178990952184,26167.09828404678,26.15060441388488,3.621481431421188,0.2757334398188811,0.6707460497856165,0.08384325622320206,1.4908772110094715,11.927017688075772,PiecewiseLinear,4.0,32.0,1.0,8.0,breast_cancer_tma
breast_cancer_tma_c7,visium_demo,8.0,7,8427,8427,374,2.1040124893188477,21947.911260825957,Piecewise Linear Fit,0.08772514482931469,0.0595238096094113,-0.1391497363709318,1.0,0.2469443455559511,1.7440385055081314e+52,1.0143767969669164,5.000000011909539,0.10622282679329051,1.6428695994740374,21707.330004346397,24.69443455559511,5.000000011909539,40.00000009527631,Exponential Saturation Fit,0.08772514482931469,0.044693387810671434,-0.1522600647346391,1.0,0.3570665717337131,1.9500398361905572e+50,1.0138360456650675,0.5770887204969691,0.36926043705849304,1.6065311197388215,21716.317051924187,35.70665717337131,2.1836198402357905,0.2642807643818872,0.36926043705849304,0.04615755463231163,2.7081157352408,21.6649258819264,PiecewiseLinear,5.0,40.0,1.0,8.0,breast_cancer_tma
breast_cancer_tma_c1,visium_demo,8.0,1,7876,7876,372,5.242456436157227,21478.322110674155,Piecewise Linear Fit,2.1816493074936023e-06,0.03305167862092637,-0.12828394702019813,1.0,0.14702894870492636,3.3816210302111165e+173,1.0520409545224643,2.430590873067957,0.5001430792320786,4.130273973806718,20679.19095811969,14.702894870492637,2.430590873067957,19.444726984543657,Exponential Saturation Fit,2.1816493074936023e-06,0.030679671803640656,-0.13281241721218334,1.0,0.23933468765871,3.8574209211899046e+180,1.0542137629180102,1.2598594625325104,0.6144497978295321,4.113073554104397,20646.69147958624,23.933468765870998,5.372933016636908,0.23448262962360494,0.6144497978295321,0.07680622472869152,1.6274722581606769,13.019778065285415,ExponentialSaturation,14.0,112.0,1.0,8.0,breast_cancer_tma
breast_cancer_tma_c2,visium_demo,8.0,2,5384,5384,302,2.467803478240967,10904.035557087967,Piecewise Linear Fit,4.5922974292652754e-08,0.07407407394238963,-0.1754331767205692,1.0,0.23941307578008916,5.452429623286843e+143,1.063400816015153,3.9999999949818625,0.1924921947404242,1.8094944215996553,10242.104097868125,23.941307578008917,3.9999999949818625,31.9999999598549,Exponential Saturation Fit,4.5922974292652754e-08,0.05475846918698632,-0.18977610298001613,1.0,0.38075780089153044,8.139651643965004e+134,1.059394442988152,0.8270558913179242,0.46882245518680626,1.76549709092558,10282.74925739853,38.07578008915304,2.5925529822435043,0.3190121463215842,0.46882245518680626,0.05860280689835078,2.1330036326897814,17.06402906151825,PiecewiseLinear,5.0,40.0,1.0,8.0,breast_cancer_tma
breast_cancer_tma_c36,visium_demo,8.0,36,395,395,129,4.459527492523193,1169.1195851156554,Piecewise Linear Fit,0.9999999777190277,0.49999999985336124,-0.16025627986564242,1.0,0.9772151898734177,101384477025738.61,1.0850709977096482,3.999999999976929,0.3809388019666801,3.9922425126724264,1104.6197028979843,97.72151898734177,3.999999999976929,31.999999999815433,Exponential Saturation Fit,0.9999999777190277,0.49995682596612584,-0.16022121482324908,1.0,1.0,101348846690492.94,1.085070032135488,4411.265462253599,8.63480429169163e-05,3.992230130184117,1104.6204058970761,100.0,4415.257692383783,0.999095810390168,8.63480429169163e-05,1.0793505364614537e-05,11581.03839090129,92648.30712721033,PiecewiseLinear,,,1.0,8.0,breast_cancer_tma
breast_cancer_tma_c45,visium_demo,8.0,45,286,286,118,1.9942824840545654,905.2165735545599,Piecewise Linear Fit,0.9999999966175811,0.4999999998220552,-0.21147229564946032,1.0,0.9790209790209791,153.9725977969846,1.0177670899720495,2.999999999999994,0.31002565503684804,1.7340130817004662,895.1430242541642,97.9020979020979,2.999999999999994,23.99999999999995,Exponential Saturation Fit,0.9999999966175811,0.499981529002563,-0.21145817105624032,1.0,1.0,153.9515122466471,1.0177666026079792,6294.115354235183,4.9255948950736175e-05,1.7340148997374707,895.14329815997,100.0,6295.84936913492,0.9997245780834214,4.9255948950736175e-05,6.156993618842022e-06,20302.11621747781,162416.9297398225,PiecewiseLinear,,,1.0,8.0,breast_cancer_tma
breast_cancer_tma_c38,visium_demo,8.0,38,185,185,58,4.633142948150635,487.14667063878306,Piecewise Linear Fit,0.9959182665458546,0.23122911788617373,-0.10173488761728718,1.0,0.6648648648648648,17059794.652626358,1.0941875029669823,1.8498329435019922,0.5049262942717204,4.123491693217931,453.8422005124214,66.48648648648648,1.8498329435019922,14.798663548015938,Exponential Saturation Fit,0.9959182665458546,0.25887034288069194,-0.11872135313572481,1.0,1.0,19833722.406941622,1.0950789434325288,1.23109780941364,0.5782681223973137,4.117111365768248,453.54088224115895,100.0,5.348209175181888,0.23018879200284295,0.5782681223973137,0.07228351529966422,1.7293016185196608,13.834412948157286,ExponentialSaturation,3.0,24.0,1.0,8.0,breast_cancer_tma
breast_cancer_tma_c41,visium_demo,8.0,41,172,172,53,0.3908436894416809,217.75601624463818,Piecewise Linear Fit,0.9780894501215416,0.17543708303842157,0.10769239219628818,1.0,0.6337209302325582,0.24096660078508808,0.9917603144152828,1.4466912456447352,-0.05964041595743599,0.44373191925415917,220.60221012673696,63.372093023255815,1.4466912456447352,11.573529965157881,Exponential Saturation Fit,0.9780894501215416,0.4999350319570883,0.22709042517465516,1.0,1.0,0.3423747315414024,0.9937876938998337,-315.9922006038621,0.00012605649724703257,0.4436096156553158,219.89971511565037,100.0,-315.5485909882068,1.0014058361479798,0.00012605649724703257,1.575706215587907e-05,7932.950873926813,63463.606991414505,Constant,1.0,8.0,1.0,8.0,breast_cancer_tma
breast_cancer_tma_c50,visium_demo,8.0,50,163,163,42,0.9017418026924133,246.4804662508798,Piecewise Linear Fit,0.9971379664303653,0.14142135523744895,-0.05910620690917136,1.0,0.4723926380368098,0.2456202074312785,0.9914236826709802,1.4142135543187946,0.0738098808198141,0.8308201434266127,249.28840386743806,47.239263803680984,1.4142135543187946,11.313708434550357,Exponential Saturation Fit,0.9971379664303653,0.06529894477578081,-0.05197254671662344,1.0,0.4723926380368098,0.21652005788361586,0.9906569745038688,0.09172771719990495,2.122921365502612,0.8365787741181182,249.54061043031436,47.239263803680984,0.9283064913180231,0.09881188816170897,2.122921365502612,0.2653651706878265,0.47104900645401204,3.7683920516320963,Constant,1.0,8.0,1.0,8.0,breast_cancer_tma
breast_cancer_tma_c37,visium_demo,8.0,37,106,106,38,1.0432182550430298,163.15771373700548,Piecewise Linear Fit,0.9999999999999968,0.156647363497423,-0.005446739838850501,1.0,0.3584905660377358,0.1361459116254841,0.9813642478402013,0.9907249249060132,0.011453014116210124,1.035939285629674,167.14576991454734,35.84905660377358,0.9907249249060132,7.925799399248105,Exponential Saturation Fit,0.9999999999999968,0.016610552685457598,-0.005446489095860054,1.0,0.3584905660377358,0.1361459060405736,0.9813642474604178,0.011346264134804067,13.195971608292918,1.0359395412127022,167.14576999659036,35.84905660377358,1.0472858053475063,0.010833971086850733,13.195971608292918,1.6494964510366148,0.07578070260256978,0.6062456208205582,Constant,1.0,8.0,1.0,8.0,breast_cancer_tma
breast_cancer_tma_c47,visium_demo,8.0,47,105,105,69,1.6038190126419067,284.30747673562394,Piecewise Linear Fit,0.9999999999999971,0.06098923866883991,-0.06454629293343457,1.0,0.6571428571428571,0.25380840842757757,0.9870260811943985,0.12197847735691815,1.7325036198663861,1.5313637365578292,287.0498279238606,65.71428571428571,0.12197847735691815,0.9758278188553452,Exponential Saturation Fit,0.9999999999999971,0.21956715953406872,-0.06454629998023237,1.0,1.0,0.2538084084275848,0.9870260811943988,0.22341494238146495,2.91691977844019,1.5313637356744696,287.04982792386056,100.0,1.7547786780559345,0.12731801746587182,2.91691977844019,0.36461497230502377,0.34282739189171174,2.742619135133694,Constant,1.0,8.0,1.0,8.0,breast_cancer_tma
breast_cancer_tma_c69,visium_demo,8.0,69,104,104,31,1.1423335075378418,155.65212524479455,Piecewise Linear Fit,0.999997461382028,0.13305539545471443,-0.04134136432800236,1.0,0.5576923076923077,0.19183810727357858,0.9842493645772884,1.1290124701892192,0.08248350717761573,1.0797296954038207,158.9543321526416,55.769230769230774,1.1290124701892192,9.032099761513754,Exponential Saturation Fit,0.999997461382028,0.03168019641994308,-0.03975282031920705,1.0,0.2980769230769231,0.1911196892959347,0.9842138570237196,0.08939774656927924,5.157049998599015,1.0797213039561968,158.9618360481293,29.807692307692307,1.169119050525476,0.07646590527209203,5.157049998599015,0.6446312498248769,0.19390930866903833,1.5512744693523066,Constant,1.0,8.0,1.0,8.0,breast_cancer_tma
Pat1_c0,visium_custom,8.0,0,260989,260989,2535,4.377054214477539,1038095.8478765739,Piecewise Linear Fit,-1.6017132519074581e-15,0.16192335720073714,-0.112153566941282,1.0,0.4994999789263149,inf,1.015913778841864,53.72440358558487,0.017359706721928055,3.6915499983028837,1029854.6075092646,49.949997892631494,53.72440358558487,429.79522868467893,Exponential Saturation Fit,-1.6017132519074581e-15,0.1388873239465746,-0.13708717305266674,1.0,0.8079382655974007,inf,1.0165544740703665,1.1448096723743504,0.029774050300253166,3.577280540603135,1029525.5211143539,80.79382655974007,4.722090212977486,0.24243706086514968,0.029774050300253166,0.0037217562875316457,33.58629376640427,268.69035013123414,ExponentialSaturation,65.0,520.0,7.0,56.0,Pat1
Pat1_c6,visium_custom,8.0,6,608,608,116,0.16485746204853058,420.92846492416857,Piecewise Linear Fit,0.998819569634813,0.45149324596397106,-0.3241347743085748,1.0,0.9868421052631579,2.5164183453966307,1.0015189758305314,7.280109885812458,0.016335136296645084,0.12398386680063798,419.0827917261261,98.68421052631578,7.280109885812458,58.24087908649967,Exponential Saturation Fit,0.998819569634813,0.49994442517393417,-0.3401492927138683,1.0,1.0,2.320767620994508,1.0013856598019177,289.4117966264639,5.514566448704781e-05,0.12477680484962553,419.24466892002704,100.0,289.5365734313135,0.9995690464822082,5.514566448704781e-05,6.8932080608809765e-06,18133.79182754924,145070.33462039393,PiecewiseLinear,1.0,8.0,1.0,8.0,Pat1
Pat1_c24,visium_custom,8.0,24,330,330,97,0.42960962653160095,409.5183250259403,Piecewise Linear Fit,0.9998996397189772,0.1961161332280664,-0.052435596948814715,1.0,0.5696969696969697,0.18072793321943073,0.994829285587134,1.414213553135747,0.03144455158656553,0.40180276952254124,412.9398500458123,56.96969696969697,1.414213553135747,11.313708425085975,Exponential Saturation Fit,0.9998996397189772,0.0766167996216134,-0.0483063526079762,1.0,0.5696969696969697,0.17651420704458515,0.9947581686797045,0.04080138217817895,2.5087413210967915,0.4018709211373854,412.9870328512958,56.96969696969697,0.44267230331556434,0.09217062344443354,2.5087413210967915,0.31359266513709894,0.3986062618695227,3.1888500949561815,Constant,1.0,8.0,1.0,8.0,Pat1
Pat1_c12,visium_custom,8.0,12,156,156,40,0.1881265938282013,106.00337658358994,Piecewise Linear Fit,0.9999999999999971,0.05863149773986138,-0.11005429082733478,1.0,0.2564102564102564,0.1660093478086822,0.9885550286262408,0.5863149782850368,0.06703069609582424,0.15890269265640605,109.59479894381107,25.64102564102564,0.5863149782850368,4.690519826280294,Exponential Saturation Fit,0.9999999999999971,0.00704555443530338,-0.11005427518813134,1.0,0.2564102564102564,0.16600934749501284,0.9885550286142675,0.03930109558723878,19.676157053828135,0.1589026956358178,109.59479894759001,25.64102564102564,0.1982037912230566,0.19828629586106006,19.676157053828135,2.459519631728517,0.05082293240820839,0.40658345926566714,Constant,1.0,8.0,1.0,8.0,Pat1
Pat1_c5,visium_custom,8.0,5,144,144,46,0.3870721459388733,199.67091708426176,Piecewise Linear Fit,0.9999999999999967,0.1639433471519989,-0.18149665492535813,1.0,0.3194444444444444,0.4513520100056538,0.9944908719487724,0.9836600836785688,0.13405269288202354,0.2973325316404826,201.261932552119,31.944444444444443,0.9836600836785688,7.869280669428551,Exponential Saturation Fit,0.9999999999999967,0.013842712303313411,-0.18149659078124583,1.0,0.3194444444444444,0.4513519901509555,0.9944908716449734,0.1318622321497755,16.691025202543102,0.29733254514329105,201.26193264009777,31.944444444444443,0.42919477729306654,0.30723167924230393,16.691025202543102,2.0863781503178878,0.05991243724487556,0.4792994979590045,Constant,1.0,8.0,1.0,8.0,Pat1
Pat1_c27,visium_custom,8.0,27,120,120,36,1.777537226676941,202.37301390030748,Piecewise Linear Fit,0.9997087314206357,0.06735956283152154,0.012701009392060557,1.0,0.3,0.14733016834969592,0.9841676769294808,0.5388765020257914,-0.08421892962649949,1.8093057937092252,206.20317223549284,30.0,0.5388765020257914,4.311012016206331,Exponential Saturation Fit,0.9997087314206357,0.49994994439122825,-0.02353349227240856,1.0,1.0,0.15337239572431804,0.984497369357713,210.522146965761,0.00010011119259028126,1.748615971676729,206.12278661208302,100.0,212.27076293743775,0.9917623324687813,0.00010011119259028126,1.2513899073785158e-05,9988.893091031656,79911.14472825325,Constant,1.0,8.0,1.0,8.0,Pat1
Pat1_c21,visium_custom,8.0,21,106,106,59,0.5683162808418274,175.21187484343224,Piecewise Linear Fit,0.9974676210872467,5.5511151222931154e-17,-1.9535302117254143e-16,1.0,0.5566037735849056,0.1353352832366127,0.9813089605280836,2.031257922711327e-16,1.0,0.568316280886641,179.21187484343224,55.660377358490564,2.031257922711327e-16,1.6250063381690616e-15,Exponential Saturation Fit,0.9974676210872467,0.016758713591819643,0.045669008088640814,1.0,0.5566037735849056,0.15237741763296533,0.982407578072752,-0.051641888173889365,20.680202530582164,0.5912140884824684,178.97466449337315,55.660377358490564,0.539572200308579,-0.0957089489494744,20.680202530582164,2.5850253163227705,0.04835542584852283,0.38684340678818263,Constant,1.0,8.0,1.0,8.0,Pat1
Pat2_c0,visium_custom,8.0,0,51937,51937,1905,4.068172931671143,202104.2914686414,Piecewise Linear Fit,-1.6017132519074581e-15,0.13786360604681583,-0.20470602159592288,1.0,0.5068448312378458,inf,1.0547970591120357,15.142420376181622,0.10110741650040507,2.974030325728727,196562.78107657802,50.68448312378459,15.142420376181622,121.13936300945298,Exponential Saturation Fit,-1.6017132519074581e-15,0.1014986548785826,-0.25580411471388237,1.0,0.6875445250977146,inf,1.0589446889842768,1.8725175912984173,0.12415499406535546,2.7208242030847214,196155.13292496896,68.75445250977145,4.5933417943831385,0.4076591020481389,0.12415499406535546,0.015519374258169433,8.054448453951018,64.43558763160814,ExponentialSaturation,24.0,192.0,1.0,8.0,Pat2
Pat2_c1,visium_custom,8.0,1,14404,14404,1167,4.078629493713379,49902.4960863358,Piecewise Linear Fit,8.438393404946397e-14,0.1082588695206494,-0.1792506720209508,1.0,0.45855317967231324,inf,1.0653748907193397,4.807473989239719,0.2807014059939679,3.089450766810809,48078.17915053544,45.85531796723132,4.807473989239719,38.459791913917755,Exponential Saturation Fit,8.438393404946397e-14,0.0815926224078521,-0.20368081755033277,1.0,0.6385726187170231,inf,1.0628633843720863,1.517585243031531,0.3824922911545854,2.9659998590908714,48146.171075391016,63.857261871702306,4.483585102122403,0.3384758420918896,0.3824922911545854,0.04781153639432317,2.614431775818057,20.915454206544457,PiecewiseLinear,7.0,56.0,4.0,32.0,Pat2
Pat2_c2,visium_custom,8.0,2,8891,8891,383,5.160958290100098,26185.500649022706,Piecewise Linear Fit,-1.6017132494646206e-15,0.07499972194677518,-0.2349757195073729,1.0,0.2860195703520414,inf,1.248558035906096,6.242572472231608,0.3351925004223897,3.406278249819923,22238.0866645655,28.60195703520414,6.242572472231608,49.94057977785286,Exponential Saturation Fit,-1.6017132494646206e-15,0.05741095922821165,-0.2639270437842816,1.0,0.42492408053087394,inf,1.2404009258773443,2.318047012878609,0.2901036122685721,3.2324121670241697,22354.64161953192,42.492408053087395,5.550459179902779,0.41763157564906395,0.2901036122685721,0.036262951533571515,3.447044289383822,27.576354315070574,PiecewiseLinear,9.0,72.0,6.0,48.0,Pat2
Pat2_c58,visium_custom,8.0,58,220,220,65,0.09374779462814331,17.540608251064015,Piecewise Linear Fit,0.9887470100410388,0.22360679725549198,-0.4732031097701956,1.0,0.5636363636363636,1.0005983459780279,1.0000027189447893,1.4142135618134102,0.056052765561538584,0.04412428275660004,17.53941191698312,56.36363636363636,1.4142135618134102,11.313708494507281,Exponential Saturation Fit,0.9887470100410388,0.19213212552986564,-0.461757096150584,1.0,0.9136363636363637,0.7786588856069261,0.9988634544642517,0.083276120193559,1.0891018216664483,0.046985039079506796,18.04097268416678,91.36363636363637,0.1302611592730658,0.6393012365181526,1.0891018216664483,0.13613772770830604,0.9181877948472141,7.345502358777713,PiecewiseLinear,1.0,8.0,1.0,8.0,Pat2
Pat2_c50,visium_custom,8.0,50,207,207,52,0.10102511942386627,37.28939131879825,Piecewise Linear Fit,0.9998696668045548,0.10350161529718416,-0.3852088612099805,1.0,0.45410628019323673,0.4427231678273253,0.9960714538789435,1.2070258818745128,0.055355935531662036,0.05331901425740093,38.919012533987825,45.410628019323674,1.2070258818745128,9.656207054996102,Exponential Saturation Fit,0.9998696668045548,0.03226254309582965,-0.37614310311016597,1.0,0.25120772946859904,0.4309792701590852,0.9959420948311675,0.0642428022928546,3.684575021236451,0.05327535570664996,38.97278189302581,25.120772946859905,0.11751815799950456,0.5466627743869628,3.684575021236451,0.46057187765455637,0.27140172047967287,2.171213763837383,Constant,1.0,8.0,1.0,8.0,Pat2
Pat2_c21,visium_custom,8.0,21,203,203,72,0.013658072799444199,-286.25317828608706,Piecewise Linear Fit,0.9999999999999934,0.1561892934586297,0.6903225788241942,1.0,0.35467980295566504,0.34188559362786936,0.9947268627986663,0.9371357570601421,-0.025172375062407836,0.0288811326278333,-284.1066200472065,35.467980295566505,0.9371357570601421,7.497086056481137,Exponential Saturation Fit,0.9999999999999934,0.01519410287789394,0.6903217728720095,1.0,0.35467980295566504,0.3418855446724803,0.994726862097005,-0.02358991111249376,15.206495799639207,0.028881126071569244,-284.10661976082184,35.467980295566505,0.005291214959075485,-4.458316529369569,15.206495799639207,1.9008119749549008,0.06576137021809629,0.5260909617447703,Constant,1.0,8.0,1.0,8.0,Pat2
Pat2_c12,visium_custom,8.0,12,176,176,80,0.053502146154642105,-77.95421929690812,Piecewise Linear Fit,0.9998400914415907,0.22360679861638302,0.3236850719589353,1.0,0.8068181818181818,0.21544460552124262,0.9913160420256169,1.4142135619073555,-0.02360925557736373,0.06826990456098025,-74.88411639005392,80.68181818181817,1.4142135619073555,11.313708495258844,Exponential Saturation Fit,0.9998400914415907,0.49946028179379476,0.7833490120301934,1.0,1.0,0.2219569274317624,0.9914837886760626,-13.65465969009546,0.0013653920909703625,0.0669656460930521,-74.94367542388426,100.0,-13.587694044002408,1.0049284040306024,0.0013653920909703625,0.00017067401137129532,732.3903563036723,5859.122850429379,Constant,1.0,8.0,1.0,8.0,Pat2
Pat2_c7,visium_custom,8.0,7,161,161,58,0.07213418185710907,-11.740350343175564,Piecewise Linear Fit,0.9999999999999971,0.11798260071437976,-0.34825006509457745,1.0,0.36024844720496896,0.2824705103671178,0.9921786902109415,0.9729094515519097,0.04705977743257332,0.0428432181620916,-9.211988099324653,36.024844720496894,0.9729094515519097,7.783275612415277,Exponential Saturation Fit,0.9999999999999971,0.009151737162526393,-0.3482499253468043,1.0,0.36024844720496896,0.2824705044710654,0.9921786900823086,0.04578488268178876,18.36950528188724,0.04284322622797723,-9.211988057578331,36.024844720496894,0.088628108909766,0.5165955050265514,18.36950528188724,2.296188160235905,0.054438047440832464,0.4355043795266597,Constant,1.0,8.0,1.0,8.0,Pat2
Pat2_c74,visium_custom,8.0,74,128,128,43,0.1728796362876892,81.58855280273053,Piecewise Linear Fit,0.9879283234022354,0.13166906655003008,-0.11321241122257249,1.0,0.3359375,0.16361222109064244,0.985956910923727,0.9494791440921632,0.03975042680115536,0.14781645951686048,85.20906511585139,33.59375,0.9494791440921632,7.595833152737305,Exponential Saturation Fit,0.9879283234022354,0.49997176384451464,0.32546362481718993,1.0,1.0,0.21215482024488413,0.9879602601303868,-442.8345494723954,6.265037398263398e-05,0.20366816536633467,84.68943077605829,100.0,-442.6308813070291,1.0004601309442416,6.265037398263398e-05,7.831296747829248e-06,15961.596658260802,127692.77326608641,Constant,1.0,8.0,1.0,8.0,Pat2
Pat2_c66,visium_custom,8.0,66,126,126,39,0.16368664801120758,77.47162940085242,Piecewise Linear Fit,0.9999999999999957,0.12454931159049919,-0.22399669558407545,1.0,0.30952380952380953,0.24382441524590298,0.9888616473607238,0.9963944942183047,0.0678095529709352,0.1170345699226138,80.29424324561278,30.952380952380953,0.9963944942183047,7.971155953746438,Exponential Saturation Fit,0.9999999999999957,0.011991219527141272,-0.22399647967382896,1.0,0.30952380952380953,0.2438243930833729,0.9888616466473664,0.06756499200495349,14.451140217508144,0.11703458844665873,80.29424342740369,30.952380952380953,0.18459958045161223,0.36600837249824525,14.451140217508144,1.806392527188518,0.06919869193355825,0.553589535468466,Constant,1.0,8.0,1.0,8.0,Pat2
Pat2_c23,visium_custom,8.0,23,126,126,47,4.74654483795166,374.18301049818405,Piecewise Linear Fit,0.999795034446801,0.14650647153370958,-0.07737197065915627,1.0,0.6904761904761905,143.52289129591682,1.0402037665771466,1.056473190788039,0.6835991898754444,4.30598993504299,364.2500214107772,69.04761904761905,1.056473190788039,8.451785526304311,Exponential Saturation Fit,0.999795034446801,0.08635679355788174,-0.08004772105374679,1.0,0.6904761904761905,148.4443288497034,1.040482144634435,0.7496058128644512,2.2251116332709127,4.306027926907519,364.1825905020781,69.04761904761905,5.05563373977197,0.14827138425147496,2.2251116332709127,0.2781389541588641,0.4494156540496805,3.595325232397444,ExponentialSaturation,2.0,16.0,1.0,8.0,Pat2
Pat2_c61,visium_custom,8.0,61,121,121,39,0.7657850980758667,189.78450360335412,Piecewise Linear Fit,0.9990484110607967,0.08543042931698427,0.013997741197188118,1.0,0.32231404958677684,0.13842444818594554,0.9837904108950554,0.4832674860508608,-0.0445833845364656,0.7803863134139624,193.7393648086676,32.231404958677686,0.4832674860508608,3.8661398884068863,Exponential Saturation Fit,0.9990484110607967,0.499926275631142,-0.03966163367705281,1.0,1.0,0.14885754092779171,0.9843813916375581,103.84404546810032,0.00020852395609555677,0.7412729745315042,193.5940346664515,100.0,104.58531844263182,0.9929122654539881,0.00020852395609555677,2.6065494511944596e-05,4795.612066470419,38364.896531763356,Constant,1.0,8.0,1.0,8.0,Pat2
Pat2_c40,visium_custom,8.0,40,121,121,47,0.04917886480689049,-57.05064271725806,Piecewise Linear Fit,0.9966929358092159,0.3333333369837539,-0.3298697287418299,1.0,0.9008264462809917,0.18169037838862356,0.9860042258881652,2.0000000337391723,0.016992378315712195,0.03452001282161904,-53.63974020072948,90.08264462809917,2.0000000337391723,16.00000026991338,Exponential Saturation Fit,0.9966929358092159,0.4881123216382005,-0.2938493378757725,1.0,1.0,0.15865462678045042,0.9849000770391279,0.35761467017516524,0.03171242768881849,0.03899542906037112,-53.36859152139046,100.0,0.39661009923553636,0.9016781742685459,0.03171242768881849,0.003964053461102311,31.53337895832525,252.267031666602,Constant,1.0,8.0,1.0,8.0,Pat2
Pat2_c3,visium_custom,8.0,3,120,120,40,0.103434257209301,36.867943919501016,Piecewise Linear Fit,0.9916135440605695,0.24999999968744938,0.7692096545210106,1.0,0.7,3.6296527140815464,1.0108007192587483,1.9999999950381455,-0.07963528797480908,0.18316400361007518,34.28966997420486,70.0,1.9999999950381455,15.999999960305164,Exponential Saturation Fit,0.9916135440605695,0.2866921526516992,1.0471053349033108,1.0,1.0,2.9237243656303864,1.0089805711072872,-0.21665083110052621,0.4891560192613414,0.181846132117626,34.72222737701318,100.0,-0.0348046989829002,6.224758076688677,0.4891560192613414,0.061144502407667674,2.044337513233646,16.354700105869167,PiecewiseLinear,1.0,8.0,1.0,8.0,Pat2
Pat2_c56,visium_custom,8.0,56,118,118,37,0.09154807776212692,4.603871686370988,Piecewise Linear Fit,0.9994206737276695,0.24999999962776076,0.49086772383609534,1.0,0.635593220338983,0.6214072006097114,0.9959761792612807,1.9999999928016337,-0.04683344621945516,0.14224294998068834,5.555409075110022,63.559322033898304,1.9999999928016337,15.99999994241307,Exponential Saturation Fit,0.9994206737276695,0.2514819325714271,0.591299655139885,1.0,1.0,0.5871595401128898,0.9954978034844626,-0.11654223445395076,0.6040762770378965,0.1428224553962157,5.66878910063751,100.0,0.026280220942264926,-4.434598731494026,0.6040762770378965,0.07550953462973706,1.6554200818868863,13.24336065509509,Constant,1.0,8.0,1.0,8.0,Pat2
Pat2_c47,visium_custom,8.0,47,117,117,37,0.06516768038272858,-37.90498581737628,Piecewise Linear Fit,0.99383856040226,0.2711630707147328,-0.45811789133222713,1.0,0.7692307692307693,0.3038953446910467,0.9898715401568792,2.2360679731011617,0.026621185340706958,0.035205454320843904,-35.522842021912254,76.92307692307693,2.2360679731011617,17.888543784809293,Exponential Saturation Fit,0.99383856040226,0.17581743592729968,-0.42720706168090505,1.0,0.9401709401709402,0.25250877403349153,0.9883055902374247,0.05505306153543704,0.9262248184541726,0.03609700183041049,-35.152367252930375,94.01709401709401,0.09115006336584752,0.603982701739564,0.9262248184541726,0.11577810230677157,1.0796514842573046,8.637211874058437,Constant,1.0,8.0,1.0,8.0,Pat2
Pat2_c32,visium_custom,8.0,32,112,112,35,0.18414747714996338,78.8655610012583,Piecewise Linear Fit,0.9999999993696024,0.5000000012599156,0.4298860036325855,1.0,0.9732142857142857,0.3266546884096538,0.9900599847751548,3.6055512753673633,-0.03884452559238072,0.2329268812758128,81.10326433084157,97.32142857142857,3.6055512753673633,28.844410202938906,Exponential Saturation Fit,0.9999999993696024,0.4998518275498363,0.4293046994645054,1.0,1.0,0.3266353758403539,0.9900594621294706,-118.11240109840897,0.00032876513822561706,0.23292963206398237,81.10338257889316,100.0,-117.87947146634498,1.0019759982732064,0.00032876513822561706,4.109564227820213e-05,3041.6850320478443,24333.480256382754,Constant,1.0,8.0,1.0,8.0,Pat2
Pat2_c39,visium_custom,8.0,39,110,110,34,0.0,-77607.43956124403,Piecewise Linear Fit,-1.6017132519074581e-15,0.0,0.0,1.0,0.6363636363636364,0.0,1.1737090706132557e-129,1.4536477274268347,0.0,1.2480026039629288e-25,-12295.311775742384,63.63636363636363,1.4536477274268347,11.629181819414677,Exponential Saturation Fit,-1.6017132519074581e-15,-0.0,0.0,1.0,0.9818181818181818,0.1353352832366127,0.9819824738582275,0.0,0.7563005315955689,0.0,-77603.43956124403,98.18181818181819,0.0,,0.7563005315955689,0.09453756644944611,1.3222257002653401,10.577805602122721,Constant,,,,,Pat2
Pat2_c48,visium_custom,8.0,48,106,106,49,0.1330048143863678,51.10569221519816,Piecewise Linear Fit,0.9999697384465468,0.3005759091774932,0.33657732624763664,1.0,0.8490566037735849,0.327144088054664,0.9895142816564945,1.2023036351258367,-0.07312163082425213,0.1745578027646426,53.34040135296563,84.90566037735849,1.2023036351258367,9.618429081006694,Exponential Saturation Fit,0.9999697384465468,0.09481230557943565,0.2916455655409744,1.0,0.46226415094339623,0.3229335553030642,0.9893933618196339,-0.07889071735510071,3.6518166879250344,0.17457878718369194,53.366309591312046,46.22641509433962,0.09568806982859122,-0.8244571919615467,3.6518166879250344,0.4564770859906293,0.2738363081878025,2.19069046550242,Constant,1.0,8.0,1.0,8.0,Pat2
Pat2_c19,visium_custom,8.0,19,105,105,36,0.10400434583425522,40.83318154393919,Piecewise Linear Fit,0.999964489149868,0.1961161360957033,0.09763283400388924,1.0,0.6095238095238096,0.1423707152035581,0.981606305946327,1.4142135596209287,-0.014585294495057244,0.11594750228576778,44.73182344956693,60.952380952380956,1.4142135596209287,11.31370847696743,Exponential Saturation Fit,0.999964489149868,0.49995245580507763,-0.1623476798003632,1.0,1.0,0.14438265514531146,0.9817375019678546,94.52941161651142,0.00010549106597687576,0.09273836507079329,44.703757896859635,100.0,94.62214998158221,0.9990199084982867,0.00010549106597687576,1.318638324710947e-05,9479.4757332266,75835.8058658128,Constant,1.0,8.0,1.0,8.0,Pat2
Pat2_c5,visium_custom,8.0,5,103,103,34,1.1530522108078003,206.8051921892079,Piecewise Linear Fit,0.9999999998227491,0.49999999853253774,-0.05285160906256253,1.0,0.970873786407767,0.15846508274871865,0.9822733578769657,3.6055512754446197,0.0344611334342331,1.113348298540829,210.48963420530657,97.0873786407767,3.6055512754446197,28.844410203556958,Exponential Saturation Fit,0.9999999998227491,0.49993502293101605,-0.052831956721110754,1.0,1.0,0.15846011482052638,0.9822730588959521,238.9988367198269,0.00014417114238979547,1.1133540071521768,210.48969690689333,100.0,240.11219072697907,0.9953631924985512,0.00014417114238979547,1.8021392798724434e-05,6936.200847297861,55489.60677838289,Constant,1.0,8.0,1.0,8.0,Pat2
Pat2_c9,visium_custom,8.0,9,103,103,48,0.15706749260425568,60.66827631319761,Piecewise Linear Fit,0.9999999989523746,0.49999999955927776,-0.6048905250242806,1.0,0.9223300970873787,3.792720146177398,1.013026675452776,1.99999999999889,0.12035296271869672,0.07861355718768595,58.00210935654082,92.23300970873787,1.99999999999889,15.99999999999112,Exponential Saturation Fit,0.9999999989523746,0.49997621716392554,-0.6047774623534016,1.0,1.0,3.7924310819302454,1.0130259258285257,1264.660525649249,9.513124436437251e-05,0.07861436846207029,58.0022617934474,100.0,1264.739140017711,0.99993784143625,9.513124436437251e-05,1.1891405545546564e-05,10511.793540403944,84094.34832323155,PiecewiseLinear,1.0,8.0,1.0,8.0,Pat2
Pat2_c22,visium_custom,8.0,22,102,102,36,0.006795560475438833,-254.0573356565307,Piecewise Linear Fit,0.9999999999999967,0.13867504977269804,0.9999999948064416,1.0,0.35294117647058826,0.3444685813917033,0.9896058436334039,0.9999999999999999,-0.019254088401795544,0.019254088401794156,-251.92583086994654,35.294117647058826,0.9999999999999999,7.999999999999999,Exponential Saturation Fit,0.9999999999999967,0.02270648211073806,0.9999931055236425,1.0,0.35294117647058826,0.3444685616077423,0.989605843076185,-0.01925402207766104,8.466500404261247,0.019254088401317586,-251.92583075507997,35.294117647058826,6.63236565459635e-08,-290303.9892608703,8.466500404261247,1.0583125505326558,0.11811255563121373,0.9449004450497098,Constant,1.0,8.0,1.0,8.0,Pat2
Pat3_c0,visium_custom,8.0,0,45604,45604,984,5.523836135864258,172356.10553747328,Piecewise Linear Fit,-1.6017132519074581e-15,0.13645973672047237,-0.2237099953963279,1.0,0.43375581089378124,inf,1.1177184587741427,18.472031944422987,0.1192317542612293,3.8213359010415555,162205.61124940708,43.37558108937812,18.472031944422987,147.7762555553839,Exponential Saturation Fit,-1.6017132519074581e-15,0.09007960421510108,-0.2944343896253144,1.0,0.5923164634681168,inf,1.127524915685726,2.7818841852553815,0.11361408448837369,3.33164860603425,161408.87534119465,59.23164634681169,6.113532791289631,0.45503709233700723,0.11361408448837369,0.014201760561046712,8.80172563554241,70.41380508433927,ExponentialSaturation,36.0,288.0,1.0,8.0,Pat3
Pat3_c2,visium_custom,8.0,2,20471,20471,760,3.2028441429138184,72236.5138041944,Piecewise Linear Fit,-1.6015860986456603e-15,0.036523242524323506,-0.35129114711170023,1.0,0.15221532900200282,inf,1.0445787439672845,3.0990998957436067,0.5615348812006994,1.6068115246722217,70450.8821768754,15.221532900200282,3.0990998957436067,24.792799165948853,Exponential Saturation Fit,-1.6015860986456603e-15,0.02394515147016899,-0.38804057672071857,1.0,0.20135801866054417,inf,1.0421619602055334,1.8746301058416956,0.6822941063257485,1.4781927808794775,70545.71715547788,20.13580186605442,3.352822886721173,0.5591199324205739,0.6822941063257485,0.08528676329071856,1.4656436142840852,11.725148914272681,PiecewiseLinear,10.0,80.0,3.0,24.0,Pat3
Pat3_c1,visium_custom,8.0,1,11786,11786,516,3.3040578365325928,40905.50610732633,Piecewise Linear Fit,1.504725534064639e-14,0.04616454374043498,-0.5292794683733045,1.0,0.1976073307313762,inf,1.1366672857307811,3.6977770724872063,0.6697229612929511,1.101245160166637,37885.920007352426,19.760733073137622,3.6977770724872063,29.58221657989765,Exponential Saturation Fit,1.504725534064639e-14,0.0351151447971759,-0.5840712115149735,1.0,0.3013745121330392,inf,1.1332346873651917,2.6677109501788667,0.4928659479111276,0.9498651522572181,37957.21231099438,30.13745121330392,3.617576102436085,0.7374304989416597,0.4928659479111276,0.06160824348889095,2.028949259404542,16.231594075236337,PiecewiseLinear,6.0,48.0,3.0,24.0,Pat3
Pat3_c5,visium_custom,8.0,5,1152,1152,133,3.485753059387207,4098.576580573852,Piecewise Linear Fit,0.00039024027682056927,0.12153973668455598,-0.26897080006650426,1.0,0.4097222222222222,3.8839511380104935e+44,1.0932159685982288,2.937140452504381,0.5605922911344207,2.2375432065610457,3893.2353864503298,40.97222222222222,2.937140452504381,23.497123620035048,Exponential Saturation Fit,0.00039024027682056927,0.07885355139187195,-0.2896098603559441,1.0,0.5390625,9.000737708493894e+39,1.0831348588277159,1.7452067875991037,0.7273312129891386,2.140100878592763,3914.5803302371414,53.90625,3.8853076661918666,0.44918110418515333,0.7273312129891386,0.09091640162364233,1.374889434333864,10.999115474670912,PiecewiseLinear,4.0,32.0,1.0,8.0,Pat3
Pat3_c6,visium_custom,8.0,6,854,854,132,3.626389741897583,2844.2557530333906,Piecewise Linear Fit,0.9972488079137029,0.21456418024926516,-0.27144944085870576,1.0,0.6358313817330211,1.119289448870386e+62,1.1821071419677367,3.4330268846728127,0.5350244698765214,2.4648562626106285,2558.5098133754777,63.58313817330211,3.4330268846728127,27.4642150773825,Exponential Saturation Fit,0.9972488079137029,0.19677289289445332,-0.31408685991449276,1.0,0.990632318501171,9.891211399199439e+61,1.1819360221556519,2.2375246536776126,0.4183470090711166,2.357195172346117,2558.7570784372897,99.06323185011709,4.594719826023729,0.48697738673958857,0.4183470090711166,0.052293376133889576,2.3903601037338973,19.12288082987118,PiecewiseLinear,6.0,48.0,1.0,8.0,Pat3
Pat3_c3,visium_custom,8.0,3,547,547,81,2.9946467876434326,1917.4819973441665,Piecewise Linear Fit,0.36755159034385637,0.18235002369137565,-0.3334410657434163,1.0,0.5703839122486288,1.9659248576074887e+31,1.140799825067717,3.440573366562156,0.5239494204682958,1.8018127689133225,1773.3697959784515,57.038391224862885,3.440573366562156,27.524586932497247,Exponential Saturation Fit,0.36755159034385637,0.14599705775867478,-0.37369795014764723,1.0,0.8446069469835467,1.489661538107991e+30,1.1354317590530774,2.0350770445169153,0.4965784815719522,1.6896021789599842,1778.529793887481,84.46069469835467,3.7246792234768993,0.5463764588611256,0.4965784815719522,0.06207231019649403,2.013780373314674,16.11024298651739,PiecewiseLinear,5.0,40.0,1.0,8.0,Pat3
Pat3_c4,visium_custom,8.0,4,516,516,76,2.87312912940979,1804.4008545834502,Piecewise Linear Fit,3.275190831567704e-10,0.1735111071059103,-0.622167419252849,1.0,0.5465116279069767,4.855422001923389e+108,1.6241727616373025,3.1231999282755813,0.9337108500121362,0.8854709865592739,1303.8822824586116,54.65116279069767,3.1231999282755813,24.98559942620465,Exponential Saturation Fit,3.275190831567704e-10,0.14354758353560568,-0.6747139758282041,1.0,0.8003875968992248,4.162311485659724e+97,1.5459119593071418,3.223558384830585,0.5299840354954791,0.7704634155282818,1354.847205411504,80.03875968992247,3.994021800358867,0.8070958412247387,0.5299840354954791,0.06624800443693489,1.8868492879509202,15.094794303607362,PiecewiseLinear,,,1.0,8.0,Pat3
Pat3_c7,visium_custom,8.0,7,307,307,56,0.0690549910068512,-79.90886374248342,Piecewise Linear Fit,0.9999312042998467,0.20761369823350367,-0.49767937521641403,1.0,0.6351791530944625,0.9451368726465641,0.9998162203970419,3.16227765510422,0.019482503761662162,0.031091819572446725,-79.79601269608925,63.51791530944625,3.16227765510422,25.29822124083376,Exponential Saturation Fit,0.9999312042998467,0.2070954290201152,-0.5508713424611418,1.0,0.993485342019544,0.9268554917588807,0.9997526116686083,0.07471433885260827,0.41269473217776775,0.029143169059930335,-79.75694851520674,99.3485342019544,0.1038575079125386,0.7193927560396246,0.41269473217776775,0.05158684152222097,2.423098532717038,19.384788261736304,Constant,2.0,16.0,1.0,8.0,Pat3
Pat4_c0,visium_custom,8.0,0,333209,333209,6257,4.333737850189209,1231464.5983395567,Piecewise Linear Fit,-1.6017132519074581e-15,0.11479773856099827,-0.28028238039789166,1.0,0.365176210726601,inf,1.0986434719896947,17.31734446568809,0.11948626513884983,2.6566578418225784,1168770.5176265514,36.5176210726601,17.31734446568809,138.53875572550473,Exponential Saturation Fit,-1.6017132519074581e-15,0.088750437975324,-0.34198347765407794,1.0,0.5759778397342209,inf,1.1020954847731688,2.466551537851203,0.10348601124095184,2.3720009774600626,1166679.8695423864,57.59778397342209,4.838552515311266,0.5097705419226041,0.10348601124095184,0.01293575140511898,9.66314179093876,77.30513432751007,ExponentialSaturation,32.0,256.0,3.0,24.0,Pat4
Pat4_c1,visium_custom,8.0,1,32169,32169,946,3.9575741291046143,123100.29431334545,Piecewise Linear Fit,-1.6017132519074581e-15,0.1030134125260786,-0.21307470726278147,1.0,0.39102863004756133,inf,1.0456778887838563,12.404457508448449,0.12091732620208152,2.7697330874173867,120226.61357715847,39.10286300475613,12.404457508448449,99.23566006758759,Exponential Saturation Fit,-1.6017132519074581e-15,0.06583767704249448,-0.2512875989095888,1.0,0.5136311355652958,inf,1.0410631826938361,1.7190789464483929,0.17485585325266445,2.560932688308107,120511.17350505252,51.36311355652958,4.2800116347565,0.40165286759698154,0.17485585325266445,0.021856981656583056,5.718996427045613,45.7519714163649,PiecewiseLinear,15.0,120.0,3.0,24.0,Pat4
Pat4_c2,visium_custom,8.0,2,511,511,81,2.1026065349578857,1221.5324838182432,Piecewise Linear Fit,0.9997898976500819,0.47140452080235506,-0.3331112112358023,1.0,0.9941291585127201,1.0039325700546393e+37,1.181436490838019,8.000000004432179,0.19296934532321522,1.5452988515268637,1051.133337221256,99.412915851272,8.000000004432179,64.00000003545743,Exponential Saturation Fit,0.9997898976500819,0.49998656267070035,-0.3459042035930813,1.0,1.0,9.702412497993916e+36,1.18135757216389,15210.289512751835,1.266883002715337e-05,1.5458680381908114,1051.2016079912335,100.0,15211.835380790026,0.9998983772832473,1.266883002715337e-05,1.5836037533941712e-06,78933.88717479665,631471.0973983732,PiecewiseLinear,7.0,56.0,1.0,8.0,Pat4
A02991D1_c0,stomics_custom,10.0,0,81530,81530,1406,5.176896542951647,125196.02713882519,Piecewise Linear Fit,2.018518220137945e-05,0.00654762074151538,-0.13246018524023964,1.0,0.03393842757267264,inf,1.0504472061125976,1.1751474459762083,1.0353304625739606,3.9842393016036044,117170.86877495387,3.393842757267264,1.1751474459762083,11.751474459762083,Exponential Saturation Fit,2.018518220137945e-05,0.004163727813695394,-0.13249599288781563,1.0,0.04110143505458114,inf,1.05062601358005,1.2172640572162743,1.8550869908829322,3.984956164786068,117143.11501041111,4.1101435054581135,5.202220222002342,0.23398933633527486,1.8550869908829322,0.1855086990882932,0.539058278622313,5.39058278622313,ExponentialSaturation,5.0,50.0,1.0,10.0,A02991D1
A02994C6_c6,stomics_custom,10.0,6,17216,17216,671,3.43270667146727,33047.6984600279,Piecewise Linear Fit,-1.6017132519074581e-15,0.03366165248179712,-0.2289192060009035,1.0,0.12865938661710039,inf,1.1340969055133001,2.5351493138004018,0.5189392054751487,2.215683304006011,28714.890711966247,12.865938661710038,2.5351493138004018,25.351493138004017,Exponential Saturation Fit,-1.6017132519074581e-15,0.025761124786250346,-0.2514235378437802,1.0,0.20358968401486988,inf,1.1432097529015126,1.4255426767961756,0.7145333836591561,2.1221714219225065,28439.323752270942,20.358968401486987,3.547714098718682,0.4018200557116581,0.7145333836591561,0.07145333836591561,1.3995147362869977,13.995147362869977,ExponentialSaturation,7.0,70.0,1.0,10.0,A02994C6
A02994C6_c5,stomics_custom,10.0,5,11808,11808,397,3.916980388555236,22248.554938289184,Piecewise Linear Fit,-1.6017132519074581e-15,0.08740442210357428,-0.15810238699799392,1.0,0.28717818428184283,inf,1.1802126428258226,7.7647404686689425,0.1439147254406282,2.9752470511272784,18335.51060280221,28.717818428184284,7.7647404686689425,77.64740468668943,Exponential Saturation Fit,-1.6017132519074581e-15,0.04908736594727358,-0.21036214264263378,1.0,0.34137872628726285,inf,1.2037068736264611,1.4257557829007552,0.3179008786984445,2.6759327928871564,17870.01022404876,34.137872628726285,4.101688575787912,0.34760215373661696,0.3179008786984445,0.031790087869844455,3.1456345892915363,31.456345892915362,ExponentialSaturation,15.0,150.0,4.0,40.0,A02994C6
A02994C6_c2,stomics_custom,10.0,2,10213,10213,383,4.176743461596594,18889.162154205507,Piecewise Linear Fit,-1.6017132519074581e-15,0.043284402668164496,-0.19593565686790296,1.0,0.15734847743072555,inf,1.2024381600283156,3.3717410604184828,0.4179915474542396,2.8918052704285446,15123.602592250418,15.734847743072555,3.3717410604184828,33.71741060418483,Exponential Saturation Fit,-1.6017132519074581e-15,0.028866574092048042,-0.2293759993918741,1.0,0.20366199941251345,inf,1.2202107827841928,1.609866784701723,0.6165061681353944,2.704297714871828,14823.905761623844,20.366199941251345,4.31416449957355,0.37315841453446114,0.6165061681353944,0.061650616813539436,1.622043787533338,16.22043787533338,ExponentialSaturation,8.0,80.0,1.0,10.0,A02994C6
A02994C6_c0,stomics_custom,10.0,0,9867,9867,417,3.7332196376840705,19466.48597149228,Piecewise Linear Fit,-1.6017132519074581e-15,0.054268675657477713,-0.23927717955893427,1.0,0.17837235228539577,inf,1.2357614298912263,3.406413258304562,0.44035861653068126,2.3845091929571005,15289.048348926175,17.837235228539576,3.406413258304562,34.06413258304562,Exponential Saturation Fit,-1.6017132519074581e-15,0.03931090935063084,-0.27884253317661034,1.0,0.2617816965643053,inf,1.2635351950828726,1.7051190975530368,0.5618161791365788,2.2049350361662894,14850.436909447717,26.178169656430526,3.910054133719326,0.43608580322418494,0.5618161791365788,0.056181617913657875,1.7799416199384634,17.799416199384634,ExponentialSaturation,12.0,120.0,3.0,30.0,A02994C6
A02994C6_c7,stomics_custom,10.0,7,6538,6538,355,2.9207149706143563,10951.674840890619,Piecewise Linear Fit,0.006492916312659593,0.022320707289832084,-0.22751231375080774,1.0,0.10783114102171917,inf,1.1240811078500712,1.3250305824844733,0.8380416289325703,1.8851597432013865,9422.228616414295,10.783114102171917,1.3250305824844733,13.250305824844732,Exponential Saturation Fit,0.006492916312659593,0.016881991666290074,-0.22872319237194408,1.0,0.1609054756806363,inf,1.1253797358317996,1.118531524026068,1.3832918724235634,1.8858984393161147,9407.130899622958,16.090547568063627,3.004429963342183,0.37229409161589944,1.3832918724235634,0.13832918724235635,0.7229132332339768,7.229132332339768,ExponentialSaturation,4.0,40.0,1.0,10.0,A02994C6
A02994C6_c3,stomics_custom,10.0,3,413,413,106,3.2120829422775192,1145.9866159976139,Piecewise Linear Fit,0.01322147858832767,0.1668937898812511,-0.24544312302885904,1.0,0.6029055690072639,1.3967097159016712e+42,1.2648710767692868,1.6689378990336914,0.888673583006031,2.2797832838977103,951.9012296508496,60.290556900726386,1.6689378990336914,16.689378990336913,Exponential Saturation Fit,0.01322147858832767,0.19007457700015998,-0.281327062348884,1.0,0.9927360774818402,1.1779129881410966e+45,1.285674483739044,1.8303458544208655,0.6976783352692689,2.266461646061395,938.4264691912607,99.27360774818402,4.09680750048226,0.44677370225606267,0.6976783352692689,0.06976783352692689,1.4333252868086408,14.333252868086408,ExponentialSaturation,4.0,40.0,1.0,10.0,A02994C6
A02994C6_c1,stomics_custom,10.0,1,298,298,82,2.823004482153352,770.6603049754749,Piecewise Linear Fit,0.9885838474338112,0.20717366912225704,-0.25716679266549053,1.0,0.6342281879194631,5.601292910661471e+32,1.2879339306422068,1.7579268761001987,0.7882670226781353,2.0013386839624765,619.848864127862,63.42281879194631,1.7579268761001987,17.579268761001988,Exponential Saturation Fit,0.9885838474338112,0.18932665791343675,-0.28113716940909994,1.0,0.9798657718120806,7.21097235965857e+32,1.2890261394611302,1.593633018694486,0.8260672984485036,1.9762092624620096,619.3436514141619,97.98657718120806,3.569842281156496,0.4464155257240688,0.8260672984485036,0.08260672984485036,1.2105551229036327,12.105551229036326,ExponentialSaturation,3.0,30.0,1.0,10.0,A02994C6
Y01087DD_c5,stomics_custom,10.0,5,23587,23587,866,6.083060716711264,69267.74826204235,Piecewise Linear Fit,-1.6017132519074581e-15,0.03457469039949048,-0.25102019552957944,1.0,0.12133802518336372,inf,1.1809135287779113,2.6139929382793454,0.9616602167136087,3.7502265856441865,61423.263248359544,12.133802518336372,2.6139929382793454,26.139929382793454,Exponential Saturation Fit,-1.6017132519074581e-15,0.029107046307681583,-0.2665427025304811,1.0,0.20354432526391655,inf,1.1894246742577534,2.653117677354684,0.6299574404558015,3.650350399601509,61084.48753955602,20.354432526391655,6.303468076956193,0.42089809053745797,0.6299574404558015,0.06299574404558014,1.5874088244381346,15.874088244381346,ExponentialSaturation,14.0,140.0,1.0,10.0,Y01087DD
Y01087DD_c0,stomics_custom,10.0,0,5337,5337,293,4.667447530859529,10027.064617644686,Piecewise Linear Fit,9.426305220947288e-09,0.025671234678537717,-0.23206128753973057,1.0,0.13041034288926362,inf,1.3838450504911495,1.547956293497003,1.1690385404927537,2.994204036096488,6559.446073733199,13.041034288926362,1.547956293497003,15.47956293497003,Exponential Saturation Fit,9.426305220947288e-09,0.01668013188347329,-0.23786922028199095,1.0,0.1570170507775904,inf,1.3781572745932156,1.8472803719999389,1.3783008985549545,2.9593346053291145,6603.407952550426,15.70170507775904,4.806614977329053,0.38432043771195473,1.3783008985549545,0.13783008985549544,0.7255309787931106,7.255309787931106,PiecewiseLinear,11.0,110.0,1.0,10.0,Y01087DD
Y01087DD_c2,stomics_custom,10.0,2,5295,5295,336,4.642645833759741,9462.339249341596,Piecewise Linear Fit,0.0018259543767138826,0.026181530401975378,-0.19421364179762218,1.0,0.1469310670443815,inf,1.3268062791590907,1.4810510152728307,1.0480824937567803,3.220146780195134,6467.754534180747,14.693106704438149,1.4810510152728307,14.810510152728307,Exponential Saturation Fit,0.0018259543767138826,0.01778730413505722,-0.198689621155134,1.0,0.17790368271954674,inf,1.3290563150301749,1.5843825519057173,1.3777497364592475,3.194888025609616,6449.810920962455,17.790368271954673,4.779270577515334,0.3315113731705503,1.3777497364592475,0.13777497364592475,0.7258212239400991,7.258212239400991,ExponentialSaturation,4.0,40.0,1.0,10.0,Y01087DD
Y01087DD_c1,stomics_custom,10.0,1,2086,2086,168,4.614180800815648,3779.761214666085,Piecewise Linear Fit,0.09377371851202894,0.043136477889131435,-0.1757270114976335,1.0,0.1860019175455417,3.5634283103252624e+266,1.3420890609393459,1.5553078289000175,0.9172049199395679,3.3456868009648026,2552.2444990132785,18.60019175455417,1.5553078289000175,15.553078289000176,Exponential Saturation Fit,0.09377371851202894,0.029480873621950454,-0.18014519971109674,1.0,0.2598274209012464,4.3278101353024765e+264,1.339254221704805,1.4590107613363497,1.3041977043347033,3.3200356661779376,2561.0661622219104,25.98274209012464,4.779046427514287,0.3052932804620651,1.3041977043347033,0.13041977043347033,0.7667549150534041,7.667549150534041,PiecewiseLinear,4.0,40.0,1.0,10.0,Y01087DD
Y01087DD_c4,stomics_custom,10.0,4,1551,1551,158,4.24944583664068,3441.6574072782023,Piecewise Linear Fit,0.007302261105689066,0.05529050995880808,-0.2366626142115511,1.0,0.2327530625402966,1.6409360437593457e+249,1.447705636918934,1.5832792563319336,1.085561843550266,2.7718451956207795,2293.979497292357,23.27530625402966,1.5832792563319336,15.832792563319336,Exponential Saturation Fit,0.007302261105689066,0.043624631716284265,-0.24289796034680836,1.0,0.32108317214700194,2.726769881736198e+252,1.454643947831151,1.7674064651888042,1.109728342468163,2.754462963533601,2279.148284978868,32.10831721470019,4.521869428722406,0.39085747455741143,1.109728342468163,0.1109728342468163,0.9011214382214349,9.011214382214348,ExponentialSaturation,5.0,50.0,1.0,10.0,Y01087DD
Y01087DD_c3,stomics_custom,10.0,3,879,879,138,4.341713659430495,1851.9216504778835,Piecewise Linear Fit,0.6771779632720216,0.05744136593797111,-0.17387058428438953,1.0,0.3003412969283277,2.4939027933844043e+130,1.4071709088271995,1.284427989710029,1.060655575961982,3.2365037710977282,1251.4218285588133,30.034129692832767,1.284427989710029,12.84427989710029,Exponential Saturation Fit,0.6771779632720216,0.04083211635951244,-0.17658806807337823,1.0,0.3492605233219568,1.146356911047676e+131,1.4096148868547882,1.3870484332986701,1.518338266337704,3.2338316912566647,1248.371178092424,34.92605233219568,4.620880124555335,0.3001697503313063,1.518338266337704,0.1518338266337704,0.6586147646874778,6.586147646874778,ExponentialSaturation,3.0,30.0,1.0,10.0,Y01087DD
Y01084J8_c19,stomics_custom,10.0,19,109694,109694,3530,6.512913924734325,254217.8953778541,Piecewise Linear Fit,-1.6017132519074581e-15,0.024269266786175567,-0.1437173810815427,1.0,0.10647802067569785,inf,1.115869168303368,2.455877126338617,0.6767356981784256,4.951121214396598,230165.5937915512,10.647802067569785,2.455877126338617,24.55877126338617,Exponential Saturation Fit,-1.6017132519074581e-15,0.023545738242995207,-0.1495714843586558,1.0,0.20307400587087718,inf,1.1277983936704281,1.7296690903372207,0.5818260563453103,4.917247172274497,227832.66925260474,20.307400587087717,6.646916262611717,0.26022128487859064,0.5818260563453103,0.05818260563453102,1.7187267381619395,17.187267381619396,ExponentialSaturation,31.0,310.0,4.0,40.0,Y01084J8
Y01084J8_c20,stomics_custom,10.0,20,8668,8668,516,5.48298906072297,11049.193893326288,Piecewise Linear Fit,0.00013403110445870365,0.021114037968087647,-0.137503778283757,1.0,0.11605906783571758,inf,1.4070037041747707,1.2703564105577991,1.0618493204341148,4.230591093895954,5129.601539618961,11.605906783571758,1.2703564105577991,12.70356410557799,Exponential Saturation Fit,0.00013403110445870365,0.014533788647486967,-0.138265417348357,1.0,0.1387863405629903,inf,1.4089262900055326,1.3571541812055916,1.585339684395568,4.2292089893120455,5105.92910940236,13.87863405629903,5.586363170517637,0.24294055717108642,1.585339684395568,0.1585339684395568,0.6307796429011132,6.307796429011132,ExponentialSaturation,4.0,40.0,1.0,10.0,Y01084J8
Y01084J8_c15,stomics_custom,10.0,15,5913,5913,384,5.958453258173966,14719.65025855308,Piecewise Linear Fit,-1.6017132519074581e-15,0.16998717650298398,-0.1223712632959428,1.0,0.556570268899036,inf,1.2429457540613857,8.773709906582756,0.15895465236756995,5.001012158556505,12147.682458988898,55.657026889903605,8.773709906582756,87.73709906582755,Exponential Saturation Fit,-1.6017132519074581e-15,0.10168762786234853,-0.16154950482139677,1.0,0.676137324539151,inf,1.2982078933926027,1.7922711343874231,0.2637096854685183,4.6458396149038235,11633.24437021201,67.6137324539151,6.438110749291247,0.2783846386278349,0.2637096854685183,0.02637096854685183,3.7920488139195787,37.92048813919579,ExponentialSaturation,27.0,270.0,6.0,60.0,Y01084J8
Y01084J8_c14,stomics_custom,10.0,14,1141,1141,245,4.824747055751645,2601.484696174884,Piecewise Linear Fit,0.7983482273732709,0.06872078397555297,-0.13831968289701815,1.0,0.4092900964066608,4.507941217946346e+139,1.325550032405845,1.2671486461474357,0.9866525218250733,3.8942514166967395,1958.3543592093488,40.92900964066608,1.2671486461474357,12.671486461474357,Exponential Saturation Fit,0.7983482273732709,0.04894915670378321,-0.14160225270892357,1.0,0.48378615249780893,1.412001753248054e+140,1.3268771210067325,1.284066166938129,1.5359261700455933,3.892023973369247,1956.0708533750565,48.37861524978089,5.176090140307376,0.24807646932939162,1.5359261700455933,0.15359261700455934,0.6510729613848011,6.510729613848011,ExponentialSaturation,3.0,30.0,1.0,10.0,Y01084J8
Y01084J8_c18,stomics_custom,10.0,18,866,866,110,5.275985243197008,2078.924195812328,Piecewise Linear Fit,4.825169388961731e-08,0.06596361949899102,-0.20903157974242084,1.0,0.2909930715935335,5.778567846166105e+199,1.7008728460932065,1.5441687426573247,1.2557727860460461,3.6687918311558643,1158.9870170516929,29.099307159353348,1.5441687426573247,15.441687426573248,Exponential Saturation Fit,4.825169388961731e-08,0.052307036757131296,-0.21676473779501385,1.0,0.394919168591224,3.675051941490521e+208,1.7411552099680505,2.0152536736754825,1.1321499678752225,3.6408480942989025,1118.4456625941973,39.4919168591224,5.656101767974385,0.3562972797070452,1.1321499678752225,0.11321499678752225,0.8832752094466454,8.832752094466453,ExponentialSaturation,6.0,60.0,1.0,10.0,Y01084J8
Y01084J8_c16,stomics_custom,10.0,16,365,365,87,4.820362706661175,954.5991228672023,Piecewise Linear Fit,0.5969908672369859,0.12791678439878362,-0.16871954438832704,1.0,0.4410958904109589,1.3470149901675446e+52,1.3893772982483814,1.3045003596686466,1.1628041240692981,3.736826608949907,714.534491143973,44.109589041095894,1.3045003596686466,13.045003596686467,Exponential Saturation Fit,0.5969908672369859,0.10710898345230621,-0.17662647075762025,1.0,0.7041095890410959,7.947605066871517e+52,1.39615023636839,1.606504645214832,1.2662776738317336,3.738615361687138,710.9845319281587,70.41095890410959,5.34512000690197,0.3005553931699209,1.2662776738317336,0.12662776738317336,0.7897162057465784,7.897162057465784,ExponentialSaturation,5.0,50.0,1.0,10.0,Y01084J8
Y01084J8_c17,stomics_custom,10.0,17,347,347,74,5.625576502196138,981.5921728381733,Piecewise Linear Fit,1.0520096836319323e-07,0.1863045166101394,-0.19790578367488634,1.0,0.5561959654178674,9.649165464692339e+90,1.8289555069057073,2.1077949932210918,0.9921455957229268,4.237802180772829,562.5931132367081,55.61959654178674,2.1077949932210918,21.077949932210917,Exponential Saturation Fit,1.0520096836319323e-07,0.15565825166589345,-0.22141978880038365,1.0,0.8184438040345822,2.7063255230176355e+99,1.9344105211626297,2.3831005226923603,0.7729447269821476,4.136979962118639,523.6891407868162,81.84438040345822,6.520080484810999,0.36550170327559084,0.7729447269821476,0.07729447269821475,1.2937535700700842,12.937535700700842,ExponentialSaturation,,,1.0,10.0,Y01084J8
Y01084J8_c1,stomics_custom,10.0,1,233,233,77,4.490153122460338,608.0493768538103,Piecewise Linear Fit,0.9624342960571045,0.16259385046936603,-0.13378677343782025,1.0,0.5879828326180258,5.4165811486513185e+19,1.2153296679917986,1.3007508039324172,0.8972499724893638,3.7782369586766245,517.1722136559531,58.798283261802574,1.3007508039324172,13.007508039324172,Exponential Saturation Fit,0.9624342960571045,0.14073886396062718,-0.14255468819517952,1.0,0.8540772532188842,8.60163310738273e+19,1.2177444005327351,1.266200906567916,1.2176968764565164,3.7788081376884257,516.247239157159,85.40772532188842,5.045009044256342,0.25098089923336503,1.2176968764565164,0.12176968764565163,0.8212224399474426,8.212224399474426,ExponentialSaturation,,,1.0,10.0,Y01084J8
Y01084J8_c12,stomics_custom,10.0,12,167,167,91,4.014677491643747,519.7369039980463,Piecewise Linear Fit,0.9995961243418534,0.1394341339447072,-0.17400732953289882,1.0,0.5449101796407185,9.831541390989955e+16,1.2640149927072684,0.5577365358286321,2.544839939237878,3.368745658661022,441.4829895689433,54.49101796407185,0.5577365358286321,5.577365358286322,Exponential Saturation Fit,0.9995961243418534,0.14687945431309365,-0.18638776572561072,1.0,0.9461077844311377,1.030806259393586e+17,1.264373286811515,1.5583410033699117,2.3273340518808303,3.368833639988462,441.38832829196394,94.61077844311377,4.927174643358374,0.3162747651882992,2.3273340518808303,0.23273340518808303,0.42967617785330475,4.296761778533048,ExponentialSaturation,,,1.0,10.0,Y01084J8
